"user.id","age"
2,19.8571428571429
8,22.8405797101449
9,21.2853185595568
10,22.9545454545455
11,24
13,17.6666666666667
20,20.2275862068966
26,23.2204724409449
27,21.6666666666667
29,24
31,22.25
33,22.6
35,21.6666666666667
36,24
38,19.3571428571429
48,24
49,18.9090909090909
53,22.2741935483871
54,17
59,20.5
66,23.9666666666667
68,22.3
72,19.1538461538462
76,24
83,24
89,24.3333333333333
90,19.1052631578947
91,16.75
94,23.4782608695652
95,23.0555555555556
96,20.05
101,17.1898734177215
105,23.3
108,23.3
115,21.6666666666667
119,19.5789473684211
120,21.2
123,24
124,24
126,24
134,21.15
137,24
140,22.0737704918033
142,22.08
144,23
145,23.4545454545455
146,22.9333333333333
147,24
154,24
155,18.75
157,18.3
166,24
167,20.5
169,21.4117647058824
172,19.0588235294118
175,23.5882352941176
183,21.6666666666667
184,22.7450980392157
185,24
188,22.8265306122449
194,17.6363636363636
200,23.5333333333333
204,16.9565217391304
216,16.7272727272727
217,18.4047619047619
221,20.8125
222,24
223,16.9166666666667
229,16.972972972973
230,22.90625
232,17
236,20.1830985915493
240,23.6279620853081
242,23.7522935779816
246,24
247,16.95
250,23.125
260,17.6666666666667
263,24
265,17.2692307692308
267,18.4
270,22.6
271,19.8
273,17
275,22.8333333333333
276,21.8860759493671
277,22.8333333333333
282,24
283,23.3688760806916
288,22.8947368421053
289,24
290,16.8823529411765
298,23.695652173913
300,18.5862068965517
303,22
304,19.7234042553191
305,24
306,22.8
307,17
312,20.8
320,23.5555555555556
321,24
323,17
325,17
327,22.6
330,19.5454545454545
331,17.3287671232877
332,17
333,17
334,16.125
339,19.3333333333333
341,23.5454545454545
342,24
354,20.6140350877193
355,24
364,23.3636363636364
365,20.4613180515759
370,22.1357677902622
378,21.1363636363636
379,19.7666666666667
387,17
392,23.6842105263158
401,22.7647058823529
402,16.9268292682927
406,22.4285714285714
408,17
409,21.4545454545455
410,20.6842105263158
411,18.3571428571429
413,17.3428571428571
416,24
417,24
421,17.7777777777778
424,19
426,19.8571428571429
430,21.5208333333333
432,22
433,24
434,16.6
435,24
436,24
440,24
446,17
451,24
452,24
453,23.9090909090909
454,22.0555555555556
458,24
462,19.3333333333333
465,18.75
466,24
468,23.1541501976285
470,17.8125
471,22.9230769230769
477,22.9723320158103
480,21.4
485,19.2513966480447
486,22.6
488,17.7
496,23.2068965517241
502,23.2222222222222
503,23.0454545454545
504,24
505,24
506,23.3
507,20.3833333333333
513,19.3333333333333
515,21.55
516,21.6666666666667
517,23.8
521,22.0882352941176
526,17
529,17
530,16.7948717948718
534,18.2
536,23.75
538,17.6363636363636
542,24
546,16.8888888888889
552,23.2222222222222
561,23.5715667311412
563,20.75
564,22.2608695652174
569,17
572,17
574,23.7074074074074
577,17.875
578,17
584,21
587,19.6923076923077
588,18.625
589,17.6363636363636
596,24
597,22.4444444444444
598,17
602,19.9473684210526
604,20.425
607,18.75
609,19.4418604651163
613,24.25
617,22.6
620,19.4848484848485
624,17.3333333333333
626,17
633,16.6086956521739
639,18.2
640,21.6666666666667
646,18.3
647,23.1923076923077
650,23.36
662,21
665,22.925
666,20.5
670,19.6781609195402
671,24
673,18.2173913043478
681,17.875
682,19
684,23.0322580645161
686,17
702,21.6111111111111
703,24.1428571428571
710,17
714,24
715,22.7551020408163
716,23.8793103448276
717,17.3333333333333
718,24
722,23
723,18.75
726,22.75
734,23.3636363636364
736,22.5263157894737
737,17
739,20.5
740,23.7538461538462
749,18
755,22.0909090909091
759,24
760,18.4
761,23.55
762,24
763,17
764,22.1714285714286
766,22.9752475247525
767,23.5789473684211
768,17
769,24
770,20.6074313408724
771,17.7252747252747
772,22.0454545454545
774,24
775,23.8923076923077
778,17
779,17.2307692307692
780,22.6
784,20.5
785,24
787,16.8333333333333
788,23.5
790,17
795,19.3333333333333
797,23
800,22.25
801,24
807,19.3333333333333
808,24
809,23.9761904761905
810,17
811,23
822,22.9444444444444
824,20.5
827,24
828,16.6666666666667
830,23.1368977673325
832,16.9230769230769
834,19.3333333333333
845,19.2105263157895
849,23.8211920529801
856,18.4
858,23.3
861,21.6666666666667
864,17.8709677419355
867,21.6388888888889
873,17
877,19.265306122449
882,23.65
886,17.6666666666667
887,19.8333333333333
890,19.1052631578947
895,24
903,20.5
907,19
919,24
923,24
931,22.8333333333333
932,17
936,16.6666666666667
948,22.2
950,24
952,18.6925
954,17
956,18.75
961,22
962,16.5555555555556
964,17
967,24
969,22.25
970,19.3333333333333
971,23.4166666666667
972,24.0131578947368
973,20.1132075471698
976,17.04
977,18.75
984,18.1764705882353
988,17
989,23
991,24
996,18.4
997,17
1001,21.2
1002,17.3125
1005,22.7272727272727
1008,24
1009,18.4583333333333
1014,22.9145299145299
1016,17.9236111111111
1017,22.25
1018,24
1019,18.1666666666667
1022,19.3333333333333
1025,18.697270471464
1030,23.3318181818182
1031,24
1034,24
1036,23.2604166666667
1037,17
1043,22.0991902834008
1044,17
1048,23.8181818181818
1051,24
1060,24
1062,22.5913978494624
1066,24
1068,22.5806451612903
1070,24
1072,22.25
1075,17.7058823529412
1077,22.8461538461538
1078,17
1079,22.5731707317073
1080,17
1084,18.9
1085,17
1086,21.6666666666667
1087,21.0833333333333
1090,18.8148148148148
1092,19.3333333333333
1094,17
1098,20.7692307692308
1102,24
1103,17.9130434782609
1107,24
1109,21.2
1110,22.25
1115,22.625
1119,24
1123,17.5217391304348
1127,24
1142,22.8852459016393
1143,20.5806451612903
1150,24
1151,17.2708333333333
1156,24
1162,24
1164,17
1165,16.5
1166,22.25
1167,21.8739495798319
1170,24
1172,17
1175,22.7272727272727
1179,17.7299035369775
1181,23.7586206896552
1183,24
1185,16.875
1187,22.5
1189,22.25
1190,16.8888888888889
1191,21.452380952381
1195,24
1196,22.5454545454545
1208,24
1216,24
1217,20.5
1219,16.875
1226,18.2105263157895
1229,17
1230,17.35
1231,23.9583333333333
1233,24
1235,22.6567164179104
1237,18.4794520547945
1238,22.6
1239,24
1246,22.25
1247,17.0909090909091
1258,16.8823529411765
1263,21.3412698412698
1274,23.1515151515152
1283,23.3636363636364
1293,23.5054347826087
1295,22.1764705882353
1298,22.1153846153846
1299,21.6328125
1303,23.4666666666667
1304,16.9
1306,23.7142857142857
1311,22.2142857142857
1315,24
1319,16.6666666666667
1329,23.3913043478261
1330,22.3333333333333
1331,24.1428571428571
1332,24
1335,22.25
1338,18.75
1343,17
1347,18.75
1354,17.3125
1359,22.5
1360,19.3333333333333
1363,23.5
1364,17
1365,23.125
1377,17
1381,24
1382,21.6666666666667
1384,16.96875
1386,23.5573770491803
1393,21
1395,18.75
1398,23.2575219142383
1400,17
1406,24
1407,21.6666666666667
1408,17.4698795180723
1412,21
1415,24
1422,24
1423,24
1426,17.7777777777778
1429,22.5095969289827
1432,24.1
1437,24
1442,23.6111111111111
1450,24
1458,18
1464,19.64
1470,20.8888888888889
1471,18.6413043478261
1472,22.6650898770104
1476,24
1478,20.5
1479,18.7038461538462
1480,20.5
1481,16.9
1483,17
1486,20.2173913043478
1489,24
1490,22.5
1493,23.8
1494,16.6666666666667
1501,24
1503,23.6111111111111
1511,17
1521,17
1525,23.5
1526,24
1531,16.7
1536,24
1538,20.5
1547,23.047619047619
1549,24
1556,22.4074074074074
1557,23.0763358778626
1573,17
1576,17
1580,17.491935483871
1583,22.6
1585,22.25
1587,17
1588,17.4285714285714
1589,24
1591,17
1594,22.093023255814
1596,24
1597,16.875
1615,23.5519591141397
1618,22.5348837209302
1619,24
1623,24
1626,18.1739130434783
1634,17
1639,21.5789473684211
1641,16.8
1643,23.2830188679245
1644,16.9772727272727
1645,24
1647,23.5882352941176
1649,23.3636363636364
1652,18
1653,17
1654,20.5
1658,19.125
1659,17.6363636363636
1661,18.0333333333333
1662,17
1667,23.4642857142857
1669,19.8571428571429
1671,24
1675,24
1680,21.6666666666667
1682,24
1683,23
1684,23.0645161290323
1686,16.9583333333333
1687,18.1538461538462
1689,23.5
1690,17
1692,17.48
1693,22.6
1697,21.1
1700,24
1701,23.0666666666667
1702,17
1704,23.34375
1708,22.25
1714,20.5
1715,23.6666666666667
1716,20.7777777777778
1721,22.76
1723,17
1724,19.6153846153846
1731,24
1732,18.1666666666667
1734,22.25
1735,18.7
1739,17
1742,24
1746,20.3571428571429
1748,18.1666666666667
1750,17
1754,22.8222222222222
1757,18.4
1758,24
1760,23.6666666666667
1769,23.5882352941176
1774,21.6666666666667
1776,23.4615384615385
1780,18.6666666666667
1781,22.3846153846154
1783,23.6341463414634
1785,17
1786,21.6875
1788,23.1764705882353
1789,19.3333333333333
1795,22.0807113543092
1796,19.1666666666667
1798,17.4666666666667
1799,21.5
1803,19.6489361702128
1805,16.8059701492537
1807,17.9166666666667
1809,24
1811,17
1819,22.6875
1820,21
1826,24
1829,24
1833,24
1837,23.8125
1839,22.2040816326531
1842,17.3888888888889
1844,17
1849,18.6971428571429
1850,24
1852,23.3787878787879
1854,21.9
1858,24
1859,24
1863,18.4
1864,23.1538461538462
1865,21.2307692307692
1866,17
1867,20.5
1869,20.6805555555556
1871,19.75
1876,24
1877,18
1883,19.2105263157895
1887,24
1891,21.5
1893,16.25
1894,17
1895,24
1898,24
1900,19.8571428571429
1906,22.5681818181818
1908,23.3
1909,24
1910,24.1739130434783
1917,23.78125
1918,20.1111111111111
1922,20.1111111111111
1923,22.8148148148148
1929,17
1930,23.3
1932,24
1933,16.9
1939,17
1949,17.6666666666667
1963,19.1
1967,17
1968,17
1977,17
1983,22
1992,22.0909090909091
1994,24
2007,24
2011,23.2222222222222
2014,17
2018,24
2019,22.968253968254
2021,24
2023,17
2025,17
2028,21.6666666666667
2032,17
2035,24
2036,21.1
2038,16.4166666666667
2039,21.9516129032258
2040,17.6363636363636
2042,24
2044,23.0454545454545
2050,21.6666666666667
2054,24
2055,23.4615384615385
2059,19.1666666666667
2060,19.4
2061,17
2062,21.5
2066,22.2714285714286
2067,24
2068,16.6666666666667
2069,22.4028056112224
2075,19.8947368421053
2076,22.0909090909091
2080,22.7676056338028
2082,20.5
2083,23.0555555555556
2085,20.1818181818182
2087,23
2088,24
2091,24
2092,24
2104,23.5
2105,21
2111,24
2113,18.2727272727273
2115,24
2120,16.5
2123,18.2
2124,24
2126,17
2127,18.75
2129,17
2134,23.2222222222222
2135,18
2139,17.7699115044248
2143,18.2727272727273
2154,22.6
2156,17
2160,17.2258064516129
2161,19.8571428571429
2166,24
2173,21.4666666666667
2178,17.3333333333333
2182,24
2183,24
2189,22.6875
2191,17
2192,22.4444444444444
2193,23.8627450980392
2194,20.4
2196,20.0890052356021
2198,21.6666666666667
2199,24
2200,24
2207,22.8333333333333
2212,16.5936073059361
2216,18.7833333333333
2220,21.3777777777778
2225,17.3846153846154
2226,23.6666666666667
2227,19.8
2229,23.2348178137652
2232,24
2237,22.4444444444444
2240,21.6666666666667
2241,23
2243,16.4
2246,17
2249,20.5
2251,19.625
2254,24
2255,17
2258,18.3684210526316
2259,24
2261,21.6666666666667
2263,18
2267,20.5714285714286
2271,22.25
2274,17
2277,20.5
2282,19
2283,19.4074074074074
2285,23.8055555555556
2287,23.4666666666667
2291,23.2222222222222
2293,24
2300,17
2310,24
2313,24
2316,21.3448275862069
2320,16.9714285714286
2322,23.2
2324,17.8518518518519
2327,24.0769230769231
2330,24
2333,21.6666666666667
2335,17.5436241610738
2337,17
2338,17.3571428571429
2339,24
2341,24
2343,18
2344,23.3103448275862
2360,22.25
2363,24
2370,20.7884615384615
2371,22.7058823529412
2372,19.0681818181818
2374,23.9630996309963
2380,23.8055555555556
2381,17
2382,19
2386,23.4166666666667
2387,23.6666666666667
2388,21.8888888888889
2390,17
2398,17
2405,18.375
2406,23.3861386138614
2407,24
2411,17
2418,21.2
2420,24
2422,24
2425,22.6666666666667
2427,17.2125603864734
2430,17
2433,24
2434,21.1746031746032
2438,17.7
2439,24
2441,24
2443,24
2449,23.9333333333333
2450,16.75
2451,18.8181818181818
2453,17.5
2455,17
2462,23.3913043478261
2463,24
2464,20.2666666666667
2468,23.5806451612903
2473,22.3055555555556
2480,21.0555555555556
2484,17.8571428571429
2485,20
2487,24
2488,24
2489,22.3720930232558
2490,23.9166666666667
2495,17
2496,24
2497,24
2504,23.2655601659751
2506,22.0757575757576
2508,24
2511,23.5
2512,23.1764705882353
2520,21.8857142857143
2521,22.9131513647643
2522,18.7037037037037
2524,24
2526,22.5416666666667
2529,16.8333333333333
2535,21.6666666666667
2538,16.8530805687204
2547,19.1363636363636
2551,23.5396825396825
2554,17.6428571428571
2557,23.25
2559,24
2561,17
2562,22.8
2564,16.5841584158416
2566,21.46875
2568,21.6666666666667
2569,20.8888888888889
2571,21.0232558139535
2572,20.7758007117438
2578,24
2582,16
2594,16.7777777777778
2595,18.1666666666667
2599,17
2600,17
2603,21.6666666666667
2609,24
2611,23.7407407407407
2616,18.6601941747573
2620,24
2622,17
2623,16.9756097560976
2626,22.4447300771208
2628,18
2633,17
2636,24
2637,19
2639,23.99
2645,17
2648,23.0769230769231
2649,23.8571428571429
2653,23.8
2656,23.7971014492754
2661,23.2
2663,23.1764705882353
2665,23.75
2670,18
2672,23.0833333333333
2676,23.4423076923077
2682,22.8333333333333
2685,17
2686,23.9444444444444
2690,22.8947368421053
2691,22.4444444444444
2693,24
2697,22.8333333333333
2701,17
2704,20.0714285714286
2705,19.2957746478873
2712,18.4
2714,17.8333333333333
2715,24
2716,20.5
2717,20.5
2718,24
2719,18.1875
2720,16.5
2721,19.3333333333333
2723,23.2631578947368
2733,20.5
2734,20.5
2737,22.0909090909091
2738,23.6875
2741,23.5625
2744,22.32
2749,24
2750,22.4074074074074
2751,22.7586206896552
2755,23.4888888888889
2758,23.285
2767,23.875
2769,24
2770,24
2772,23.8653846153846
2773,16.8421052631579
2788,22.2982456140351
2795,24
2800,23.479274611399
2801,17
2807,22.4
2809,20.5
2825,20.8888888888889
2829,23.3478260869565
2831,17
2837,17.7777777777778
2838,17.5833333333333
2839,19.3333333333333
2840,24
2841,23.2631578947368
2846,24
2849,23.5153583617747
2850,23.6140350877193
2855,17.9230769230769
2857,19.0640569395018
2859,22.3333333333333
2861,19.6
2865,22.875
2867,23.5333333333333
2883,22.875
2886,24.75
2888,17.3636363636364
2889,19.8
2895,17.6842105263158
2897,21
2898,24
2899,18.2727272727273
2900,19.8
2906,24
2908,22
2913,20.5
2919,23.4615384615385
2921,23.2631578947368
2922,17.4078947368421
2925,23.125
2926,18.5
2927,21.45
2929,17
2930,22.3529411764706
2935,24
2937,17
2938,22.8231292517007
2941,24
2947,17
2952,24
2962,21.6666666666667
2966,24
2968,24
2969,18.1897810218978
2972,16.8888888888889
2974,24
2975,17.6666666666667
2978,24
2988,18.4444444444444
2989,22.8333333333333
2991,19.8333333333333
2995,17
2997,17.9230769230769
3006,23.4666666666667
3007,18.9148936170213
3011,16.8
3015,24
3017,22.6
3025,17
3029,23.8798283261803
3030,17.1304347826087
3031,17
3032,18.5
3036,22.803738317757
3040,17
3043,23.9375
3044,17.1071428571429
3045,24
3048,23.5
3049,23.7222222222222
3052,18.7037037037037
3053,17
3062,19.1578947368421
3063,19.7045454545455
3065,17
3067,16.7692307692308
3068,23.3225806451613
3072,16.962962962963
3074,23.0910931174089
3075,21.387448840382
3076,19.5
3078,24
3081,18.5
3084,23.625
3088,24
3089,21.6666666666667
3093,23.5
3096,22.1153846153846
3097,20.5
3098,17
3100,17.3
3103,23.125
3106,16.7777777777778
3111,16.8571428571429
3113,21.4557926829268
3118,16.75
3127,24
3130,21.2
3132,23.741935483871
3135,19.4285714285714
3137,19.8461538461538
3143,17
3144,23.25
3146,19.1111111111111
3147,24
3151,16.8333333333333
3153,23.8181818181818
3155,24
3160,20.5
3174,18.6525423728814
3177,23
3181,19.5789473684211
3183,21.4081632653061
3184,24
3188,21.5793650793651
3198,21.7333333333333
3210,19.1276595744681
3213,17.24
3216,24
3219,21.5
3220,19.4096385542169
3226,24
3227,21
3235,18.8571428571429
3236,17
3242,18.6265560165975
3243,23.5531914893617
3249,24
3251,17
3260,22.8333333333333
3264,23.1086956521739
3267,20.1830985915493
3269,22.25
3270,23.5882352941176
3275,20.8888888888889
3276,23.4814814814815
3278,19.3333333333333
3284,18
3286,23.3
3287,16.6666666666667
3289,21.6666666666667
3291,19.3333333333333
3297,16.8333333333333
3299,22.6
3302,22.5
3303,23.4166666666667
3304,24
3309,24
3315,21.6666666666667
3319,21.53125
3320,22.7105263157895
3321,16.5
3323,17.3529411764706
3327,22.95
3332,24
3338,18.1666666666667
3346,23.0714285714286
3347,24
3350,19.5
3357,22.25
3360,23.1764705882353
3361,24
3368,20.1577608142494
3369,19.1459854014599
3370,20.8333333333333
3371,17
3373,21.5436241610738
3374,24
3375,24
3376,16.75
3379,17.8666666666667
3381,20.1111111111111
3382,19.7142857142857
3383,21
3385,23.9444444444444
3386,16.75
3387,20.5
3388,17
3390,16.2
3393,17.8333333333333
3394,22.8333333333333
3404,24.0769230769231
3405,18.75
3411,23.1111111111111
3415,23.2222222222222
3417,23.5806451612903
3418,17.3513513513514
3420,17.8974358974359
3423,24
3424,22.4859813084112
3425,24
3427,23.2222222222222
3428,16.6666666666667
3432,22.6
3435,19.1428571428571
3437,22.7272727272727
3441,20.0541586073501
3443,22.3710691823899
3445,23.125
3448,22.3333333333333
3453,24
3457,24
3460,21.2777777777778
3464,19.3636363636364
3466,22.8333333333333
3469,17
3470,21
3471,24
3473,24
3479,22.9555555555556
3480,20.8378378378378
3486,17.7
3490,23.6315789473684
3491,22.2987012987013
3492,22.6
3493,18.9770642201835
3494,17.25
3499,23.3636363636364
3501,18.6666666666667
3502,23.0441176470588
3504,24
3507,24
3511,22.7857142857143
3517,24
3520,22.6
3523,24
3525,21.6666666666667
3527,24
3532,21.2
3534,17.875
3543,18.037037037037
3544,22.0909090909091
3548,24.1333333333333
3550,24
3552,17
3553,23.9333333333333
3556,22.25
3557,24
3559,18.6470588235294
3563,20.5
3565,23.0666666666667
3566,16.7272727272727
3568,24
3573,24
3574,17.4666666666667
3577,22.8333333333333
3579,17
3588,18.2
3589,24
3590,21.16
3592,18.8177083333333
3594,20.925
3600,23.188679245283
3605,16.3333333333333
3609,21.7727272727273
3610,23.5625
3612,23.4166666666667
3614,17
3615,23.6290322580645
3617,23.825
3621,16.75
3622,18.3125
3625,18.5
3626,24
3633,24
3638,17
3640,24
3643,20.8888888888889
3644,24
3645,22.6677740863787
3650,22.35
3654,18.8571428571429
3660,22.25
3662,21.2
3663,22.2064807837227
3670,20.1111111111111
3676,24
3677,16.9090909090909
3681,18.75
3684,23.6838235294118
3686,22.8860759493671
3687,16.8333333333333
3691,23.8620689655172
3695,24
3697,23.625
3698,18.3461538461538
3699,21.6666666666667
3700,24
3701,20
3705,22.6
3708,20.25
3712,19.1333333333333
3713,22.1472868217054
3716,21.9406779661017
3718,19.3333333333333
3723,22.25
3725,23.5384615384615
3735,18.5555555555556
3736,22.0625
3738,16
3739,22.6
3742,17
3745,24
3747,18.4
3749,21.9
3750,24
3751,18.6444444444444
3756,19.974358974359
3759,23.5714285714286
3760,22.8333333333333
3766,23.378640776699
3768,22.9
3769,23.5394736842105
3772,23.0350194552529
3774,21.5833333333333
3775,23.1307692307692
3782,18.5833333333333
3786,23.1481481481481
3795,21.7037037037037
3799,23
3801,17.3846153846154
3805,24
3806,21.6666666666667
3807,21.8125
3812,17
3815,24
3817,24
3823,21.1714285714286
3829,23.3
3832,23.9855072463768
3833,17
3834,16.6666666666667
3836,21.2777777777778
3837,17
3845,19.6
3850,19.1666666666667
3854,22.6
3855,22.25
3857,16.8
3859,23.2348178137652
3862,18.6153846153846
3869,24
3870,16
3876,19.8
3880,24
3883,17
3886,24
3890,23.8289473684211
3891,23.75
3895,24
3898,22.9230769230769
3900,16.8888888888889
3901,16.8888888888889
3906,17.7362637362637
3909,22.0909090909091
3911,17
3913,22
3917,24
3919,20.6
3923,17
3924,17
3933,22.9
3935,24
3939,23.1111111111111
3942,17
3944,21.2
3948,23.2631578947368
3949,17.622641509434
3950,20.0909090909091
3956,24
3960,19.9285714285714
3962,24
3964,23.7941176470588
3966,24
3967,21.7
3968,23.6643835616438
3973,24
3977,23.5769230769231
3982,23.5
3984,22.4324324324324
3985,23.0555555555556
3988,16.969696969697
3989,23.8135593220339
3990,18.0789473684211
3991,19.7647058823529
3998,21.85
4003,18.4
4004,23.5255474452555
4008,24
4009,24
4013,21.6976744186047
4016,21.6666666666667
4025,20.1111111111111
4027,21.2
4028,21.5
4031,20.1577608142494
4032,22.1333333333333
4034,16.9166666666667
4038,19
4039,17
4042,17.7467948717949
4047,21.2173913043478
4048,20.9565217391304
4051,18.4
4052,24
4054,22.25
4056,23.0666666666667
4057,24
4061,21.5652173913043
4064,24
4065,18.4
4072,21.25
4073,17
4074,23.4615384615385
4076,24
4082,20.5
4084,24
4085,23.1066666666667
4086,23.3
4087,18.75
4092,19.6153846153846
4093,22.3846153846154
4094,20.6666666666667
4096,24
4101,23.2222222222222
4111,17.5757575757576
4115,23.125
4118,23.125
4122,22.8235294117647
4123,23.3
4126,22.4571428571429
4130,22.25
4134,24
4140,24
4147,21
4149,23.75
4150,24
4155,16.5
4156,18.4
4159,24
4160,18.05
4162,21.6666666666667
4171,22.218487394958
4175,22.8695652173913
4176,17
4180,22.6511627906977
4183,23.125
4188,23.890625
4195,23.8421052631579
4199,21.6666666666667
4202,23
4205,24
4206,22
4208,16.75
4209,24
4213,17.7727272727273
4214,17.5486381322957
4215,17
4219,17
4228,21.6666666666667
4234,19.9166666666667
4236,17.3157894736842
4244,16.9565217391304
4248,20.5
4249,24
4250,18
4254,16.7692307692308
4256,17.6363636363636
4258,22
4259,23.0769230769231
4262,23
4264,23.9354838709677
4265,24
4270,24
4271,17
4272,17.9333333333333
4278,24
4281,17.875
4282,24
4284,17
4285,22.622641509434
4286,22.8387096774194
4287,21.375
4288,24
4297,24
4298,24
4300,18.4
4301,24
4308,21.6666666666667
4316,23.5424836601307
4320,21.55
4323,22.4642857142857
4325,24
4335,22
4338,19.3333333333333
4340,18.6666666666667
4341,19.6153846153846
4342,17
4346,20.5
4349,17
4357,24
4358,22.8709677419355
4359,24
4360,23.5882352941176
4366,19
4367,24.3478260869565
4370,23.4166666666667
4371,16.6666666666667
4372,17
4377,24
4380,17
4382,22
4386,24
4390,17.65625
4395,22.9545454545455
4396,17.2857142857143
4399,19.1
4408,18.4
4410,23.5686274509804
4412,17.875
4413,16.5
4414,20.8571428571429
4419,24
4420,24
4421,16.5
4423,23.125
4425,23.125
4426,21.7727272727273
4428,24
4430,21.8461538461538
4431,23.7083333333333
4433,18.4
4434,17.9756097560976
4437,24
4438,23.8108108108108
4441,23.3
4443,21.3333333333333
4451,22.6666666666667
4453,17.025641025641
4455,22.3181818181818
4457,16.741935483871
4458,24
4459,17.5277777777778
4465,17
4467,24
4470,17.7777777777778
4471,17.4166666666667
4475,22.25
4480,24
4481,24
4486,17.4166666666667
4495,17
4496,16.9090909090909
4497,17
4503,17
4513,22.296875
4515,24
4517,22.6
4518,19.4324324324324
4520,20.8333333333333
4521,24
4522,17
4526,16.9
4531,24.0123456790123
4533,21.0392156862745
4539,21.6666666666667
4541,24
4547,24
4549,19.6
4559,22.625
4560,21.6666666666667
4564,23
4566,17
4571,24
4572,18.1
4575,19.3333333333333
4576,18.7391304347826
4579,19.9166666666667
4582,21.552
4585,22.5555555555556
4588,24
4590,16.8461538461538
4597,24
4601,22.1333333333333
4603,20.2307692307692
4606,19.1
4609,18.9090909090909
4611,22.3524096385542
4615,22.9473684210526
4618,17
4621,23.6
4622,24
4625,17.0344827586207
4626,23.0869565217391
4629,24
4631,21.3157894736842
4635,24
4638,21.2
4641,17.5
4642,22.25
4649,18.5833333333333
4650,24
4653,17
4660,20.5
4664,18.75
4668,23
4669,17
4674,16.9166666666667
4675,23.6056338028169
4676,20.6666666666667
4681,19.3333333333333
4686,16.9
4687,18.75
4691,22.5142857142857
4692,21.8125
4695,17.7769784172662
4696,17
4704,21.4545454545455
4705,21.9268292682927
4707,17
4711,24
4715,17.48
4716,17
4720,23.1428571428571
4724,23.7916666666667
4726,16
4727,22.6363636363636
4729,19.6923076923077
4731,23.0666666666667
4733,19.4583333333333
4742,22.6
4743,23.6875
4746,20.6923076923077
4747,18.4
4755,17
4758,22.8787878787879
4761,24
4770,17.5189873417722
4772,24
4777,16.8181818181818
4778,20.5
4783,23.1764705882353
4789,24
4794,18
4797,23.6209150326797
4800,24
4809,24
4812,17
4820,23.125
4825,20.275
4826,24
4828,20.5
4831,24
4832,20.5206611570248
4833,20.4411764705882
4836,23.8571428571429
4840,24
4842,17
4843,20.9347826086957
4846,16.6666666666667
4848,22.5555555555556
4850,16.6666666666667
4851,17
4856,17
4859,23.8372093023256
4860,21.2
4861,16.8333333333333
4864,21.552
4870,23.3333333333333
4871,23.3271028037383
4874,20.5
4876,24
4878,23.125
4881,24
4883,18.8695652173913
4884,19.8636363636364
4888,18.5
4890,18.2432432432432
4894,17.375
4897,24
4903,16.0588235294118
4905,23.5333333333333
4906,19.0769230769231
4909,23.65
4912,20.5762711864407
4914,24
4915,23.681592039801
4917,22.25
4921,17.5294117647059
4922,24
4923,17
4927,23.7111111111111
4929,20.5
4931,17.5897435897436
4932,24
4936,22.4074074074074
4937,24
4947,24
4948,23.5
4951,23.2068965517241
4955,21
4956,18.4
4959,20.1818181818182
4960,22.3333333333333
4962,17
4965,17.7
4968,24
4972,25
4974,23.4615384615385
4976,17
4979,21.8620689655172
4981,23
4988,24
4993,20.176
5005,24
5016,21.2539682539683
5017,24
5019,17
5020,23.8
5021,18.3333333333333
5023,23.5714285714286
5036,24
5038,16.65
5039,22.25
5042,19.6
5047,16.8118811881188
5052,23.0833333333333
5054,19.25
5058,24
5059,18
5062,22.1684782608696
5063,19.1111111111111
5067,23.1929824561403
5073,23.4313725490196
5077,24
5078,17
5079,18.0294117647059
5080,17.4615384615385
5083,20.4166666666667
5092,24
5095,24
5100,16.8
5102,22.8947368421053
5105,23.9
5110,22.9268292682927
5111,17
5112,22.2727272727273
5113,24
5122,16
5124,22.7397260273973
5127,24
5128,23.4444444444444
5129,23.8571428571429
5136,19.3333333333333
5141,16.5185185185185
5143,24
5144,17.3333333333333
5145,18
5150,24
5153,20.1891891891892
5157,22.25
5164,23.0196078431373
5168,22.1428571428571
5172,16.9516129032258
5173,20.075
5177,23.3181818181818
5182,22.8571428571429
5184,17
5192,21.2
5193,20.5
5194,17
5197,23.925
5202,23.3
5206,18.5294117647059
5208,19.3333333333333
5209,21.2
5212,24
5213,20.1818181818182
5214,17
5218,23.6808510638298
5222,20.8888888888889
5224,20.5
5227,20
5228,24
5244,23.2857142857143
5250,23.7058823529412
5251,17
5252,23.6818181818182
5257,22.6
5258,23.53125
5265,22.25
5268,20.9473684210526
5270,22.6666666666667
5277,23.5714285714286
5278,23.5573770491803
5279,16.9411764705882
5281,23.6111111111111
5283,23.2222222222222
5291,23.4615384615385
5295,23.16
5298,23.4032258064516
5302,24
5304,17
5307,19.1637931034483
5314,19.5333333333333
5319,19.1
5320,17
5324,19.8
5329,24
5331,19.24
5336,23.4444444444444
5338,21.6666666666667
5339,17
5341,24
5344,19.5384615384615
5345,24
5348,23.4409937888199
5351,16.9
5357,24
5362,23.8196721311475
5364,21.1052631578947
5367,23.5
5368,22.3529411764706
5369,18.8571428571429
5371,23.3488372093023
5374,19.6666666666667
5378,18.2926829268293
5381,16.875
5383,24
5386,20.25
5388,24
5389,18.1666666666667
5391,19.3970588235294
5392,21.6666666666667
5397,24
5398,24
5403,17
5406,21.6666666666667
5408,21.5555555555556
5410,23.3
5411,19.6923076923077
5412,17
5413,22.3653846153846
5416,18.1666666666667
5418,24
5420,17
5426,23.0277777777778
5427,23.6111111111111
5432,17.75
5435,18.6792452830189
5439,20.8888888888889
5442,20.8181818181818
5443,22.4
5450,20.5
5451,17
5455,19.4545454545455
5466,21.0660792951542
5467,17
5471,17
5473,23.0625
5475,23.6315789473684
5478,16.8
5479,21.2
5480,23.4285714285714
5483,16.8333333333333
5484,19.3333333333333
5487,16.859375
5489,19.2192028985507
5491,17
5495,19.7142857142857
5500,17.6363636363636
5501,24
5507,16
5510,23.0752688172043
5512,17
5515,21.6666666666667
5516,22.6666666666667
5521,17
5524,17
5527,19.3333333333333
5528,16.6
5530,23.9444444444444
5537,24
5538,24
5540,24
5543,17
5545,22.5
5546,17.4375
5554,23.0454545454545
5555,24
5557,17
5560,23
5561,20.5
5568,18.2702702702703
5569,24
5570,17.875
5573,22.6
5579,21.6666666666667
5584,21.2
5585,24
5587,17
5589,24.0714285714286
5590,23.0616438356164
5592,17.1818181818182
5593,21.5061425061425
5596,17.3870967741935
5597,24
5598,18.7777777777778
5606,23.65
5609,18.5555555555556
5610,18.75
5611,18.2
5613,24
5614,18.3
5615,21.780487804878
5617,16.75
5618,18.5663430420712
5621,16.5
5627,24
5629,21.3125
5630,21.3125
5634,19.3333333333333
5640,20.4
5646,21.1818181818182
5647,23.7307692307692
5649,16.8
5655,17.3684210526316
5660,22.4444444444444
5661,18.4
5665,22.6
5670,23.0132275132275
5678,16.8125
5679,17.1794871794872
5680,24
5684,23.6785714285714
5687,19.3333333333333
5688,24
5689,18.8759689922481
5698,24
5699,24
5702,21.046511627907
5709,24
5710,22
5712,22.08
5714,17
5718,21.7833333333333
5719,24
5723,16.5
5725,17
5732,16.6666666666667
5736,18.1666666666667
5737,20.2916666666667
5741,17
5744,16.972972972973
5750,21.4545454545455
5751,18.6666666666667
5753,22.1515151515152
5755,23.5882352941176
5756,17
5757,24
5758,16.5714285714286
5761,24.1818181818182
5768,21.375
5769,24
5771,22.6
5772,23.7142857142857
5774,20.5
5775,21.2307692307692
5777,19.3333333333333
5778,24
5779,23.7868852459016
5783,18.2
5785,17.4375
5786,16.8888888888889
5787,16.7777777777778
5788,21.0740740740741
5797,19.8
5799,17.2857142857143
5803,18.75
5804,23.188679245283
5805,22.7042253521127
5808,24
5809,20.5
5812,23.6626506024096
5816,22.375
5817,16.8181818181818
5818,20.1111111111111
5829,20.5
5831,24
5834,21.5454545454545
5835,24
5840,21.7156862745098
5845,19
5848,21.6666666666667
5851,18
5854,24
5856,23.125
5864,22.4444444444444
5865,21.6666666666667
5868,23.3
5873,23.4642857142857
5874,17
5879,24
5884,22.8333333333333
5888,20.7551020408163
5902,23.72
5904,18.75
5912,18.367816091954
5917,20.5
5919,21.6666666666667
5921,22.25
5922,24
5923,17.6363636363636
5925,20.5882352941176
5928,22.1333333333333
5930,23.3636363636364
5938,17.875
5940,23.6666666666667
5941,23.5625
5943,18.9273504273504
5946,24
5951,23.2543859649123
5956,21.3428571428571
5960,23.4615384615385
5963,19
5965,24
5967,20.1
5970,22.968253968254
5975,24
5977,22
5978,22.8293838862559
5984,18.1234567901235
5988,21.75
5991,19.4144144144144
5992,22.0909090909091
5997,24
6006,24
6008,16.6666666666667
6009,23.3
6010,20.5
6012,23.2222222222222
6015,18.1481481481481
6016,22.8967741935484
6017,23.8
6018,17
6021,21.9268292682927
6024,21.7659574468085
6029,24.6
6037,24
6042,18.4444444444444
6043,17.7555555555556
6048,20.1111111111111
6049,24
6056,21.2105263157895
6058,21.5
6062,22.1666666666667
6064,24
6065,17
6067,17
6071,18.4074074074074
6073,24
6074,16.9444444444444
6083,21.6666666666667
6089,22.25
6090,24
6100,17.6
6102,23.6111111111111
6103,21.6666666666667
6105,17
6107,17
6114,24
6118,20.8888888888889
6121,17
6123,17.5161290322581
6125,19
6128,16.7692307692308
6129,23.6792452830189
6131,18.7547169811321
6132,19.25
6135,21.2
6137,18.6589147286822
6139,17.5384615384615
6142,20.5
6143,24
6145,22.5754189944134
6149,16.5
6155,16.6666666666667
6156,23.3636363636364
6157,24
6158,22.8303571428571
6164,20.5
6173,24
6174,17
6175,24
6180,24
6181,17
6192,20.5
6193,22.9230769230769
6197,23.5
6200,21.6666666666667
6204,21.76
6205,23.85
6206,24
6209,17.6
6215,21.4642857142857
6221,18.8272251308901
6222,24
6223,20.1538461538462
6225,17
6226,17.627358490566
6229,19.5
6234,19.8
6238,19.3333333333333
6239,19
6240,17
6241,23.125
6243,17
6244,18.8
6247,23.3636363636364
6250,23.6944444444444
6254,19.8
6255,18.9090909090909
6261,23.4909090909091
6262,24
6265,22
6268,20.7916666666667
6270,22.4
6274,23.4166666666667
6279,21.2
6280,24
6287,20.5
6290,16.75
6293,23
6297,24
6298,23.3
6299,23.1111111111111
6304,24
6306,22.0967741935484
6308,23.5757575757576
6310,22.5777777777778
6311,19.8
6312,17
6313,24
6316,17.4166666666667
6318,21.9411764705882
6322,20.1666666666667
6329,22.9285714285714
6334,23.6393442622951
6336,17
6343,19.5
6345,22.6969696969697
6346,23.5
6347,20.5
6348,20
6349,17
6358,20.5
6361,23.325
6362,23.1176470588235
6366,16.5714285714286
6367,17
6369,24
6370,19.3333333333333
6375,24
6376,17
6378,24
6380,24
6381,22.452380952381
6382,24
6384,24
6385,22.25
6395,17
6399,18.7307692307692
6400,24
6404,18.2571428571429
6407,22.7777777777778
6408,22.6666666666667
6410,22.4558823529412
6413,22.6
6415,23.4153846153846
6419,22.0833333333333
6420,18.75
6422,24
6426,17
6427,21.6666666666667
6430,18.1428571428571
6431,20.0222222222222
6435,16.7777777777778
6437,24
6438,18.4615384615385
6440,18.4545454545455
6442,17.8333333333333
6443,17.4857142857143
6446,16.5
6449,16.75
6453,24
6454,24
6456,21.2746913580247
6464,22.6875
6467,19.8518518518519
6468,22.6
6474,24
6476,23.4545454545455
6477,23.625
6479,23.952380952381
6480,22.04
6482,17.6
6483,23.125
6489,24
6491,17
6494,18.375
6495,24
6498,18.75
6500,21.96
6501,22.3846153846154
6504,22.3148148148148
6509,23.75
6511,20.125
6514,23.3636363636364
6518,22.7272727272727
6519,21.375
6520,20.4931506849315
6521,16.75
6522,19.3333333333333
6523,21.6666666666667
6528,22.25
6538,20.3653846153846
6539,16.9375
6542,17.2413793103448
6548,22.8333333333333
6550,22.8333333333333
6558,19.3333333333333
6559,24
6560,20.5509259259259
6561,17.4857142857143
6563,19.9230769230769
6566,18.75
6569,18.75
6578,17.7777777777778
6581,22.4090909090909
6585,24
6588,21.7297297297297
6597,23.5625
6603,21.7692307692308
6606,16.8
6611,24
6613,22.8333333333333
6614,23.7283950617284
6617,22.9796954314721
6623,24
6625,21.6666666666667
6627,16.5714285714286
6628,23.8717948717949
6633,19.5789473684211
6640,22.8333333333333
6644,23.5588235294118
6646,18.75
6647,22.962962962963
6649,16.625
6650,16.7916666666667
6651,22.425
6655,24
6658,17.6666666666667
6661,18.1666666666667
6662,24
6663,16.25
6664,21.1304347826087
6665,20.5
6668,21.6666666666667
6670,24
6673,18.4375
6678,23.1590909090909
6679,23.3524590163934
6685,17.1739130434783
6688,17
6697,21.7735849056604
6701,17.3529411764706
6704,24
6705,21.7142857142857
6710,19.2272727272727
6711,24
6712,23.6603773584906
6719,16.8181818181818
6721,24
6722,17
6731,21.2777777777778
6739,17
6743,24
6744,19.5185185185185
6748,24
6750,21.375
6751,24
6762,21.8125
6767,23.2994652406417
6771,21.9
6773,24
6785,16.7142857142857
6786,17
6789,20.5
6793,24
6794,24
6799,22.3846153846154
6805,21.6666666666667
6806,20.1111111111111
6812,24
6815,17
6816,23.4285714285714
6819,22.1739130434783
6821,23.125
6822,21.4871794871795
6823,19
6824,23
6828,16.8
6835,17.9722222222222
6840,22.6666666666667
6844,17
6845,19.3333333333333
6848,19.5681818181818
6856,16.8571428571429
6859,24
6861,24
6864,19.1666666666667
6868,17
6869,24
6870,24
6874,22.25
6877,19.4545454545455
6879,17
6880,18.75
6886,19.5
6887,22.1176470588235
6890,22.1904761904762
6891,23.5
6892,20.5
6894,18.4
6895,16.8
6899,24
6904,21.6666666666667
6911,22.6
6913,17.2857142857143
6916,20
6919,16.8888888888889
6920,24.15
6921,20.4444444444444
6924,23.2631578947368
6927,23.7407407407407
6936,20.6
6939,24
6942,19.25
6944,23.95
6947,21.6666666666667
6949,21.5844155844156
6950,24
6952,18.984756097561
6953,16.9457831325301
6961,19.8947368421053
6972,17
6974,24
6975,21
6978,17
6979,21.253164556962
6980,17
6985,17
6991,24
6992,24
6994,24
7004,17.7777777777778
7009,16.5
7010,21.6666666666667
7011,23.4166666666667
7017,21.9777777777778
7018,23.7619047619048
7021,20.8111888111888
7022,24
7030,23.3
7036,23.7878787878788
7037,21.6666666666667
7038,23.7741935483871
7040,22.1666666666667
7042,16.75
7043,17.6666666666667
7045,19.3333333333333
7046,21.8181818181818
7058,20.7777777777778
7062,21.695652173913
7063,16.24
7071,24
7073,19.4210526315789
7081,17.3888888888889
7088,24
7089,24
7090,18.8421052631579
7096,20.5
7102,21.2
7104,24
7106,21.2857142857143
7108,22
7109,24
7110,18
7111,24
7112,24
7113,21.6190476190476
7114,21.530612244898
7119,20.9117647058824
7122,22.6
7125,16.8333333333333
7132,22.5961538461538
7138,22.4736842105263
7143,22.7058823529412
7145,23.2222222222222
7148,22.45
7149,21.6666666666667
7157,23.5395683453237
7159,19.3589743589744
7169,16.9411764705882
7171,20.5
7173,22.2
7174,23.4262295081967
7177,22.962962962963
7178,22.1928571428571
7180,24
7185,24
7186,24
7188,23.9807692307692
7194,17.9090909090909
7195,24
7197,24
7201,19.3333333333333
7207,20.5
7208,20.0909090909091
7217,23.2013888888889
7225,23.9615384615385
7235,21.6666666666667
7239,22.25
7241,18.9411764705882
7244,22.7087378640777
7248,23.5625
7257,24
7259,17
7260,18.5555555555556
7262,23.4166666666667
7266,18.9019607843137
7268,17
7275,24
7276,22.8582995951417
7277,21.7096774193548
7281,24
7283,21.6458333333333
7287,22.7272727272727
7290,21.4117647058824
7292,22.4761904761905
7298,17
7303,24
7304,18.1460674157303
7305,23.6573426573427
7306,19.7532467532468
7307,17
7308,17
7309,22
7312,21.2
7314,23.8375
7315,17.3076923076923
7320,23.4905660377358
7327,17.8861386138614
7331,24
7332,24
7334,20
7336,16.75
7340,24
7341,17
7346,24.2272727272727
7350,23.3137254901961
7353,23.8367346938776
7360,17
7362,19.5714285714286
7363,24
7368,17.3793103448276
7369,24
7370,24.1176470588235
7371,18.75
7372,17.3
7374,23.5777777777778
7375,21.325
7376,21.6666666666667
7378,17
7379,19.7142857142857
7384,16.9090909090909
7385,16.8235294117647
7388,16.5454545454545
7395,24
7397,17.3636363636364
7399,24.0714285714286
7400,24
7401,22.25
7403,24
7404,18.55
7405,17.1351351351351
7408,22.25
7410,23.0875
7412,16.8666666666667
7413,22.6
7415,18.6190476190476
7416,22.5042016806723
7417,24
7418,17.5
7424,17
7427,20.05
7428,17
7429,21.2307692307692
7430,24
7431,22.3333333333333
7433,23.8333333333333
7440,17
7445,24
7449,23.8556701030928
7452,22.7762237762238
7453,18.4513274336283
7456,21.6666666666667
7461,24
7462,16.9285714285714
7465,18.9677419354839
7470,23.9
7472,23.1764705882353
7476,18.1666666666667
7485,19.3571428571429
7489,18.25
7491,23.4385964912281
7494,23
7504,19.8695652173913
7510,20.1111111111111
7511,19.9166666666667
7519,21.75
7521,24
7522,23.6
7523,22.25
7531,21.2
7532,17.6603773584906
7534,16.6
7535,18.7647058823529
7536,17
7539,17
7542,21.4545454545455
7545,22.7272727272727
7546,22.6
7551,22.7058823529412
7552,23.2222222222222
7553,24
7554,22.6
7556,18.75
7561,23.4352941176471
7569,16.7142857142857
7571,23.972972972973
7576,22.4
7585,21.6666666666667
7587,18.8392857142857
7588,24
7589,17
7591,16.7142857142857
7592,16.9166666666667
7594,23.1525423728814
7598,23.1428571428571
7599,23.2222222222222
7602,20.5
7608,24
7612,19
7614,24
7615,20.5
7619,16.875
7623,23.125
7628,22.4736842105263
7630,22.6451612903226
7634,24
7636,18.9259259259259
7637,24
7638,24
7639,24
7643,19.5454545454545
7648,19
7650,23.0925925925926
7655,17
7660,18.2222222222222
7661,24
7666,18.75
7667,16.8571428571429
7668,18.4
7671,17
7673,19.5
7678,24
7681,24
7685,17
7689,17
7694,19.05
7695,17.6206896551724
7702,17
7704,22.6
7706,22.8730158730159
7708,22.4189189189189
7710,24
7712,19.4615384615385
7714,24
7715,23.4545454545455
7721,17
7723,24
7725,24
7734,16.6363636363636
7744,24
7745,24
7750,17
7753,19.8
7757,24
7758,16.8
7760,23.9166666666667
7763,24
7764,18.5
7767,24
7771,23.5365853658537
7773,17
7774,19.3333333333333
7776,24
7777,24
7780,17
7781,17.7826086956522
7785,20.3333333333333
7792,23.8627450980392
7803,23.92
7805,23.3289473684211
7808,22.6
7815,20.46875
7819,18.2
7821,23.125
7826,24
7830,24
7833,23
7835,24
7837,24
7838,17
7844,19
7849,24
7850,24
7863,24
7864,23.3
7865,24
7870,24
7876,16.9444444444444
7879,24
7885,19.171875
7886,21.6041666666667
7890,21.0833333333333
7892,18.4
7894,23.5333333333333
7896,24
7898,18.3947368421053
7901,22.7037037037037
7902,24
7903,24
7906,24
7907,21.6666666666667
7910,16.4444444444444
7912,23.5147928994083
7915,24
7925,19
7930,22.6666666666667
7931,17
7934,17
7936,23.95
7937,22.25
7940,24
7946,24
7947,24
7948,17
7950,23.8185840707965
7951,21.4324324324324
7953,24
7954,22.45
7959,24
7961,17.2142857142857
7967,17
7969,17.3684210526316
7971,24
7974,21.5161290322581
7981,18.4
7982,21
7983,23.78125
7985,23.6818181818182
7986,24
7989,21.8
7992,21.8125
7996,22.6
7997,23.6666666666667
8000,24
8003,24
8006,19.75
8012,17.7117903930131
8013,21.6666666666667
8014,17.8571428571429
8015,16.9166666666667
8020,24
8026,19.6388888888889
8027,17.875
8031,21.8614457831325
8033,22.7336448598131
8034,23.5625
8035,17
8038,23.5333333333333
8040,18.6894409937888
8042,24
8043,20.86
8044,22.195652173913
8045,16.4791666666667
8047,24
8048,24
8051,17
8052,19.8888888888889
8057,21.6428571428571
8059,18.7291666666667
8062,17.6
8063,23.2222222222222
8064,17
8066,18.1428571428571
8068,22.6
8069,18.1666666666667
8072,18.2727272727273
8073,23
8078,22.6875
8080,24
8084,24
8091,21.8571428571429
8093,24
8094,24
8102,21.3333333333333
8106,16.75
8111,23
8112,22.25
8118,17
8119,24
8120,19.4545454545455
8123,23.641975308642
8124,22.32
8125,17.1666666666667
8127,18.3170731707317
8129,22.9448818897638
8130,24
8135,24
8136,24
8141,20.28125
8145,23
8148,18.575
8152,16.875
8155,18.1666666666667
8157,17
8164,17
8165,19.8214285714286
8167,24
8170,20.5
8171,21.4545454545455
8173,23.3793103448276
8177,22.5
8178,24
8179,24
8180,24
8182,22.25
8183,19.7727272727273
8185,16.972972972973
8187,24
8192,20.5
8195,17.1818181818182
8203,22.5
8205,22.0555555555556
8208,22.7966101694915
8215,17
8216,19.7
8218,23.3636363636364
8221,17
8225,24
8227,22.2116788321168
8230,23.3777777777778
8233,19.3333333333333
8235,18.75
8236,22.25
8238,21.6666666666667
8240,17.5833333333333
8242,18.5294117647059
8246,22.1935483870968
8247,24
8252,17
8254,19.6285714285714
8255,22.9111111111111
8256,17
8258,20.1428571428571
8259,23.8787878787879
8260,23.6352941176471
8261,24.0555555555556
8262,22.7272727272727
8263,17.1818181818182
8264,18
8268,23.547619047619
8269,20.5
8271,24
8277,17.8695652173913
8280,24
8281,16
8288,17
8289,24
8296,19.16
8299,24
8302,20.5038759689922
8305,17
8307,17
8308,22.9532710280374
8309,18.8
8310,18.75
8314,17
8315,23.8157894736842
8319,22.37
8322,17
8327,24
8334,24
8337,24
8340,18.6666666666667
8345,19.3333333333333
8351,21.6666666666667
8353,18.5
8357,17
8359,24
8360,24
8361,22.3191489361702
8368,18.5217391304348
8376,17.2352941176471
8378,17
8382,24
8386,19
8388,23.44
8401,24
8404,17.6785714285714
8405,18
8406,24
8407,18.75
8408,17.4878048780488
8409,24
8412,23.2777777777778
8413,24
8415,21.2941176470588
8426,22.7272727272727
8428,20
8429,18.5
8439,23
8442,17.9411764705882
8446,19.3333333333333
8448,18
8449,18.3793103448276
8451,24
8453,21.2
8454,23.8585526315789
8461,24
8462,24
8463,18.4
8468,23.3636363636364
8469,17.6206896551724
8470,24
8475,18.2
8477,24
8479,24
8482,22.1818181818182
8485,23
8486,24
8488,17.875
8494,23.5
8496,17
8498,17.875
8500,24
8506,16.9642857142857
8509,20.5
8517,22.3333333333333
8519,17
8520,22.25
8522,24
8523,24
8524,21.2093023255814
8527,17.3444444444444
8528,24
8530,17
8534,16.9375
8535,17.1666666666667
8536,24
8539,22.9285714285714
8540,18.9166666666667
8543,21.5862068965517
8544,17
8546,17
8548,18.1756756756757
8549,24
8551,24
8553,17
8557,17.1666666666667
8561,24
8564,24
8565,17.6111111111111
8569,17.7
8575,24
8579,21.9
8582,17.4045801526718
8584,23.2758620689655
8586,19.8695652173913
8588,23.2456140350877
8590,23
8593,17
8597,23.5964912280702
8599,20.1612903225806
8601,24
8604,23.58
8605,22.9583333333333
8609,21.8571428571429
8612,17
8615,22.0701754385965
8616,24
8617,20.3725490196078
8618,19.6716417910448
8627,23.1898734177215
8632,18.75
8635,18.5757575757576
8640,22.8333333333333
8642,18.9090909090909
8643,17
8644,17.5117647058824
8645,24
8649,21.4210526315789
8652,24
8654,24
8656,24
8664,17
8670,24
8685,16.8333333333333
8698,24
8699,18.7
8706,21.625
8707,16.8181818181818
8710,19.6153846153846
8714,24
8718,20.3
8719,18.75
8722,21.3076923076923
8723,16.8888888888889
8725,17
8729,20.5
8736,17
8738,24
8740,24
8741,20.1368421052632
8742,19.7959183673469
8746,21.2608695652174
8747,16.6666666666667
8749,23.3636363636364
8751,17
8755,20.5
8758,17
8761,22.3584905660377
8765,23.6521739130435
8766,17
8772,20.9767441860465
8773,16.8333333333333
8776,17.5454545454545
8778,20.2105263157895
8780,23.2
8781,24
8783,17.4444444444444
8784,17.5384615384615
8790,23.4166666666667
8792,19.3333333333333
8793,19.7
8803,16.6785714285714
8804,21.4545454545455
8806,18.1
8810,22.25
8815,16.8333333333333
8816,24
8818,23.3913043478261
8819,17
8822,18.1666666666667
8823,18
8827,17.875
8830,21.3928571428571
8840,23.010989010989
8848,23.1764705882353
8851,17
8853,20.5
8855,20
8857,19.5333333333333
8858,24
8859,24
8860,22.6
8866,19.3333333333333
8869,17.28
8871,22.02
8875,22.5
8876,17
8879,19.8
8880,23.6827309236948
8884,16.9
8890,20
8892,21.2
8893,19.6105769230769
8895,23.8571428571429
8897,20.5
8898,18
8900,18.75
8901,23
8903,18.625
8904,24
8906,16.6666666666667
8907,22.1194029850746
8909,16.5
8912,23
8913,17
8914,24
8924,16.5
8937,23.2222222222222
8938,18.75
8939,24
8945,22.25
8947,19
8951,24
8956,22
8957,17.3181818181818
8962,16.9333333333333
8963,24
8964,19.25
8965,20.8611111111111
8967,20.5
8969,17
8970,23.3
8973,21.9
8974,19.45
8975,16.6
8979,22.0975609756098
8981,16.5714285714286
8985,19.3333333333333
8994,18.0769230769231
8995,19.3333333333333
8996,21
8997,22.86
9004,24
9013,23.1785714285714
9014,24.125
9016,17
9017,18.4
9024,22.7647058823529
9026,19.3333333333333
9027,23.5294117647059
9030,24
9038,20.5737704918033
9039,22.0724637681159
9044,18.9
9047,21.7894736842105
9048,24
9049,23.8888888888889
9052,20.0588235294118
9056,16.6
9061,24
9062,20.1111111111111
9064,24
9065,16.875
9068,20.5
9070,17.2363636363636
9071,23.4727272727273
9078,24
9080,17
9081,20.8181818181818
9083,20.5
9084,23.6181818181818
9090,18.4
9092,22.0909090909091
9093,17
9103,22.9285714285714
9105,23.3076923076923
9106,19.1666666666667
9108,21.6666666666667
9109,23.2222222222222
9117,19.3333333333333
9118,21.25
9119,23
9124,20.5
9131,16.875
9133,23.9024390243902
9134,17
9141,23.1481481481481
9146,18.5
9147,24
9148,17
9151,24
9153,17.5185185185185
9163,16.2857142857143
9168,16.6666666666667
9179,21.2023529411765
9181,18
9186,24
9191,20.5
9192,18.1176470588235
9197,17
9198,17
9199,18.1111111111111
9200,23.8048780487805
9205,17.16
9207,18.4
9208,19.3333333333333
9211,16.6666666666667
9220,24
9228,24
9233,23.5625
9234,21
9235,18.75
9238,19.3333333333333
9239,18.3125
9240,23.7142857142857
9241,23.5
9243,20.6086956521739
9244,24
9245,22.5454545454545
9253,24
9255,18.0909090909091
9263,16.6521739130435
9264,18.3333333333333
9265,24
9270,23.0672268907563
9271,22.5
9277,22.4090909090909
9280,24
9286,21.2
9295,24
9297,24
9298,24
9310,20.5
9311,23.2786885245902
9315,17
9316,21.5
9317,23.2222222222222
9318,19.5555555555556
9319,23.125
9322,24
9325,17.8947368421053
9328,20.9411764705882
9329,17
9336,20.92
9337,17.7660550458716
9338,24
9343,24
9344,17
9347,16.75
9350,17
9351,22
9354,24
9357,23.4444444444444
9362,23.9222222222222
9363,17
9365,22.4
9366,23.7058823529412
9367,24
9368,17.3103448275862
9372,24
9376,20.5
9385,16.75
9386,24
9387,17.6666666666667
9390,24
9391,19.3333333333333
9397,23.3863636363636
9399,17.6464646464646
9400,21.9
9401,20.5
9407,24
9416,20.85
9418,17
9419,21.5806451612903
9421,24
9422,17
9423,20.5
9424,24
9428,21.2
9429,24
9435,19.8354430379747
9436,20.3333333333333
9443,24
9446,18.9090909090909
9447,21.8367346938776
9453,23.5909090909091
9460,21.2222222222222
9464,24
9465,17
9466,16.5714285714286
9467,19.3333333333333
9469,17
9472,17
9473,24.2903225806452
9474,23.3900709219858
9475,16.8571428571429
9480,24
9483,21.6666666666667
9484,18
9489,23.6583333333333
9498,24
9499,22.1555555555556
9500,24
9504,24
9513,17
9517,22.7692307692308
9519,18.4
9520,22.5416666666667
9525,16.5
9527,24
9532,16.9473684210526
9533,16.6666666666667
9543,17
9547,22.64
9549,21.1666666666667
9550,18.4
9551,24
9552,19
9553,24
9559,21.65625
9560,17
9561,18
9562,23.1923076923077
9563,22.25
9565,17
9568,19.8
9573,24
9574,18.75
9575,21.6666666666667
9576,17.1352459016393
9578,20.5
9580,21.6666666666667
9582,17.7272727272727
9591,23.9166666666667
9592,23.2222222222222
9593,22.5833333333333
9596,23.4851485148515
9597,21.2
9598,24
9599,16.8333333333333
9601,17
9605,24
9606,21.7727272727273
9609,17
9616,22.8121212121212
9617,23.7857142857143
9618,16.9230769230769
9619,24
9620,17
9624,24
9625,22.4444444444444
9629,17
9633,24
9634,24
9635,24
9637,24
9642,16.5
9644,21.2
9646,19.3333333333333
9655,20.5
9658,17
9660,22.8333333333333
9663,21.12
9666,24.1818181818182
9667,24
9668,24
9675,22
9679,17
9683,22.3076923076923
9686,17.2413793103448
9687,23.5333333333333
9692,16.8333333333333
9695,24
9699,20.9375
9700,22.5
9704,16.6666666666667
9713,18.75
9714,17.6666666666667
9716,23
9723,22.6
9726,22.9633027522936
9728,18.3623853211009
9729,19.3333333333333
9735,24
9737,17.6363636363636
9738,18.95
9739,20.5
9741,19.3333333333333
9750,17
9752,17
9759,22.1574803149606
9760,17
9762,20.5
9763,24
9766,22
9767,24
9769,23.75
9775,17
9777,20.25
9789,23.2666666666667
9792,23.7029972752044
9793,17.875
9795,23.2280701754386
9803,24
9805,17
9806,21.4166666666667
9807,22.6
9814,17
9817,22.25
9819,20.0263157894737
9820,24
9822,18.75
9827,17.4603386809269
9831,23.1384615384615
9835,21.6666666666667
9836,20.9565217391304
9838,23.0666666666667
9846,23.3913043478261
9849,19.1818181818182
9850,16.9166666666667
9852,17
9864,24
9867,21.9461077844311
9869,22.32
9876,19.7142857142857
9883,24.5
9886,24
9888,23.5588235294118
9890,21.4736842105263
9891,19.5454545454545
9896,24
9898,20.5
9901,24
9918,18.6666666666667
9920,24
9922,18.1666666666667
9925,17.5454545454545
9927,22.6111111111111
9931,16.8571428571429
9932,21.6190476190476
9933,24.1666666666667
9943,20.7672413793103
9944,17
9948,22.0909090909091
9951,24
9964,21.6666666666667
9965,24
9971,22.4444444444444
9972,22.5490196078431
9973,19.3333333333333
9980,20.5405405405405
9981,24
9982,22.3
9983,24
9988,18.4
9990,23.3827160493827
9997,18.9090909090909
9998,17.4
10000,17
10001,22.7887323943662
10003,23.8105263157895
10006,17
10008,19.6153846153846
10010,23.8
10013,21.6666666666667
10014,18.0818181818182
10019,21.0689655172414
10023,23.3333333333333
10024,19.3333333333333
10027,23.1428571428571
10029,21.6296296296296
10030,24
10032,17
10039,19.8
10040,22.5725190839695
10044,24
10045,17
10048,24
10051,19
10054,17.5
10061,24
10062,21.5434782608696
10064,17
10065,24
10066,20.1818181818182
10068,16.5714285714286
10073,19.15625
10079,17.7692307692308
10087,23.5539568345324
10088,23.0069444444444
10090,24
10096,23.1111111111111
10104,22
10107,24
10108,23.3
10109,18.8648648648649
10110,21.2608695652174
10112,24
10117,21.4848484848485
10118,17.5714285714286
10119,23.1929824561403
10120,19.8333333333333
10123,17.9130434782609
10129,22.4269662921348
10131,23.8927911275416
10134,24
10135,21.056
10137,21.8913043478261
10138,17
10139,18.4
10143,23.9333333333333
10144,22
10147,23.5
10153,24
10154,22.5882352941176
10156,21.6666666666667
10160,18.75
10164,22.0416666666667
10179,19.8333333333333
10183,20.8333333333333
10185,22
10187,24
10190,23.3913043478261
10194,18.0285714285714
10199,24
10200,22.9285714285714
10206,24
10207,18.1666666666667
10209,19.2
10210,17.8928571428571
10213,23.5625
10214,21.7118644067797
10218,20.5
10229,20.8571428571429
10230,22.760663507109
10231,24
10232,20.1707317073171
10234,22.6
10236,16.7272727272727
10238,23.1666666666667
10240,23.1111111111111
10241,20.5
10243,16.9166666666667
10244,23.7307692307692
10245,19.9802631578947
10246,23.5973154362416
10247,23.3106796116505
10250,22.4583333333333
10251,20.6521739130435
10252,20.88
10267,21.6666666666667
10270,23.7941176470588
10271,20.5
10273,24
10274,18.75
10275,24
10276,17.875
10281,17.3076923076923
10285,21
10288,24
10292,23.6666666666667
10293,19.3333333333333
10294,17.9649122807018
10300,22.8681318681319
10303,23
10307,24
10308,24
10313,17
10314,16.7777777777778
10321,17
10327,20.7333333333333
10329,17
10331,16.6666666666667
10334,20.2941176470588
10342,23
10343,23.5789473684211
10345,23.2222222222222
10348,20.5
10350,18.75
10354,22.5
10355,21.5
10356,21.4038461538462
10358,17
10359,24
10361,16.875
10363,18.1666666666667
10368,23.3454545454545
10373,16.9
10377,22.7272727272727
10379,19.1538461538462
10380,23.4864864864865
10384,23.0833333333333
10386,23.4864864864865
10387,19.2222222222222
10389,24
10390,22.95
10391,23.6962025316456
10396,17
10397,22.1481481481481
10398,21.5769230769231
10399,16.6984126984127
10400,22.6
10402,24
10409,17
10411,24
10414,18.0909090909091
10418,24
10420,17.8333333333333
10422,23
10428,23.125
10429,18.0285714285714
10430,21
10433,20.6067415730337
10434,23.3913043478261
10436,23.0606060606061
10437,21.6666666666667
10440,22.7333333333333
10441,17.265625
10443,24
10445,19.3333333333333
10446,18.1666666666667
10447,18
10448,24
10451,21.4
10452,21.5
10453,24
10455,22.078431372549
10457,20.1746031746032
10463,23
10464,24
10466,24
10468,16.8181818181818
10471,17
10472,21.5
10473,22.9
10474,20.9761904761905
10475,21.9904761904762
10485,24
10487,19.8
10500,24
10506,18.3181818181818
10508,24
10509,19.3333333333333
10510,22.4827586206897
10519,20
10520,22.9230769230769
10521,24
10527,19.8
10532,21.5
10534,23.4615384615385
10535,19.7647058823529
10537,24
10540,24
10543,24
10549,22.4090909090909
10550,18.8676470588235
10554,23.5
10557,24
10560,18.5619047619048
10562,18.5
10567,17
10570,16.9664429530201
10575,16.75
10576,17.7179487179487
10578,24
10580,16.6
10582,24
10583,24
10591,19.8571428571429
10595,19.1666666666667
10596,23.8627450980392
10598,24
10600,23
10603,22.25
10606,24
10608,23.9375
10610,22.8333333333333
10611,23.3636363636364
10615,19.125
10629,24
10631,17
10641,19.3333333333333
10645,23.7666666666667
10655,16.875
10656,22
10658,24
10659,17.3375
10663,23.4042553191489
10664,17
10665,21.6549707602339
10670,17
10672,24
10676,17.3181818181818
10681,16.8421052631579
10684,16.76
10685,16.75
10686,24
10687,23.7045454545455
10695,17
10700,24
10702,24
10713,23.78125
10716,17
10717,21
10722,19.5
10723,24
10724,17.5833333333333
10730,24
10733,23.9
10736,17.8709677419355
10740,16.6666666666667
10745,19.2222222222222
10746,19.8672566371681
10753,23.125
10755,24
10759,19.3333333333333
10762,24
10763,16.6666666666667
10765,23.5555555555556
10767,17.387323943662
10769,19.8571428571429
10773,21.85
10777,21.5691056910569
10778,23.328125
10781,20.0985915492958
10782,17.1372549019608
10786,17
10787,19.2916666666667
10788,23.125
10791,17
10793,17
10797,22.5
10799,24
10801,16.9285714285714
10802,18
10804,19
10805,24
10807,21.6666666666667
10812,16.75
10829,24
10833,23.125
10834,16.8823529411765
10838,19.6923076923077
10844,16.9459459459459
10845,24
10847,17
10864,19.1315789473684
10869,17
10870,18.6969696969697
10871,23.125
10877,18.9137931034483
10878,19
10884,24
10888,20.35
10889,17
10890,17.1864406779661
10893,23.5625
10897,17
10900,17
10904,24
10908,23.7037037037037
10910,23.3929824561404
10911,21.3636363636364
10915,24
10916,22.7272727272727
10921,20.5
10923,21.0277777777778
10930,18.75
10931,23.3846153846154
10932,17
10933,20.9761904761905
10938,23.5
10941,17.6666666666667
10942,19.6666666666667
10944,23.3823529411765
10945,21.5967741935484
10947,22.6
10952,20.2
10953,21
10956,22.5
10957,18.8484848484848
10967,24
10969,20.5
10972,24.25
10974,17
10979,21
10982,23.125
10985,23.1666666666667
10988,24
10990,21.910447761194
10996,24
10998,22.271186440678
11000,22.6875
11002,19.8
11007,16.8888888888889
11008,24
11009,23.1212121212121
11010,18.4
11012,17.8333333333333
11014,17.5142857142857
11015,17.875
11016,22.5148514851485
11017,23.2222222222222
11032,21.6470588235294
11034,18
11035,21.2
11036,17.0285714285714
11043,24
11047,24
11048,23.7446808510638
11049,21.9
11050,17
11055,20.5
11060,24
11061,21.5
11062,17
11063,23.3898305084746
11064,17.7
11066,20.5
11067,24
11069,20.1818181818182
11073,22.8333333333333
11075,24.03125
11086,22.8769968051118
11090,24
11093,17
11094,23.1111111111111
11100,24
11102,17
11105,24
11107,24
11108,23.2222222222222
11118,19.2592592592593
11121,22.0909090909091
11122,23.4615384615385
11126,18.8888888888889
11127,17
11130,23.8653846153846
11131,18.75
11132,17.5833333333333
11133,17.1463414634146
11139,24
11142,20.08
11147,22.7428571428571
11149,24
11154,23.7307692307692
11156,18.4
11157,17
11161,17.455497382199
11164,18.8888888888889
11167,24
11168,20.5
11170,17.875
11172,23.9333333333333
11173,17
11175,21.1016949152542
11178,20.8064516129032
11181,24
11182,17
11184,24
11185,16.7894736842105
11189,23.16
11198,21.6666666666667
11199,24
11203,21.6666666666667
11208,23.6
11209,17
11210,18.2926829268293
11211,17
11213,23.4545454545455
11219,24
11223,20.5714285714286
11228,21.2666666666667
11232,24
11234,23.3
11235,16.8
11238,19.3333333333333
11241,18.0769230769231
11245,19.625
11251,17
11252,24
11253,17.5
11256,23.6785714285714
11257,22.7894736842105
11258,23.421875
11259,24
11263,20.1111111111111
11268,22.6451612903226
11269,17.1515151515152
11271,23
11277,21.6666666666667
11278,20.1818181818182
11289,24
11292,21
11294,20.5
11297,23.3896103896104
11299,24
11300,23.4166666666667
11304,24
11309,17
11317,21.9
11319,24
11320,24
11321,18
11324,18.2068965517241
11326,22.2142857142857
11329,24
11330,21.6666666666667
11331,22.8135593220339
11332,22.4615384615385
11335,21.6666666666667
11339,23.5096153846154
11341,24
11342,19.8
11343,24
11347,24
11349,17
11356,22.25
11358,24
11362,22.4444444444444
11364,24
11366,17
11372,17.6458333333333
11378,24
11380,24
11381,19.625
11383,18.3
11384,18.62
11385,24
11389,24
11390,18.7142857142857
11391,16.9375
11393,24
11395,24.75
11400,24
11403,24
11408,22
11410,18.75
11412,17.6666666666667
11423,22.25
11430,16.8
11432,17
11433,24
11436,17
11437,21
11441,21.2
11443,21
11448,23.8947368421053
11451,24
11455,24
11457,23.6923076923077
11463,23.3714285714286
11464,23.1833333333333
11465,19.3333333333333
11477,22.25
11479,17.375
11485,18.75
11487,18.75
11490,23.4
11492,18.7083333333333
11493,24
11494,22.9512195121951
11498,23.3870967741935
11500,24
11502,19.9009900990099
11505,17.5
11506,18.5555555555556
11507,16.962962962963
11509,17
11513,24
11514,22
11523,23
11527,24
11535,19
11537,21.7916666666667
11539,21.6666666666667
11540,23.1
11547,21.6666666666667
11548,20.8888888888889
11550,21
11552,24
11553,24
11555,20.5
11560,21.6666666666667
11561,18
11562,24
11573,18
11576,18.9310344827586
11580,22.3846153846154
11581,22.5
11589,17.8571428571429
11590,23.6
11600,22.9230769230769
11602,23.34375
11611,22
11614,21.6666666666667
11625,17
11630,23.0666666666667
11634,19
11639,17
11640,23.0933333333333
11641,21.9032258064516
11642,24
11647,21.25
11648,18.16
11649,19
11654,20.45
11655,22.2225609756098
11657,17
11661,17
11665,16.0833333333333
11667,23.09375
11671,22.25
11676,23.6923076923077
11677,19.8
11678,23.6666666666667
11685,17
11699,24
11702,24
11705,16.4782608695652
11709,22.5769230769231
11712,24
11715,22.8947368421053
11722,24
11731,17.5
11734,21.2
11736,18
11741,23.6
11745,20
11750,23.5
11751,17.875
11755,20.5263157894737
11758,23.0354609929078
11759,20.5
11761,24
11764,17
11765,22.8697916666667
11767,24
11769,23.4615384615385
11770,19.1
11771,16.5
11777,21.6666666666667
11778,22
11780,23.3478260869565
11781,24
11783,24
11786,23.8055555555556
11787,20.5
11789,18.4
11792,18.4
11797,18.6153846153846
11798,20.2
11804,18.1666666666667
11817,24
11818,22.4090909090909
11819,22.25
11820,16.8333333333333
11834,23.7407407407407
11835,17
11837,23.2432432432432
11838,17.8
11839,22.4
11841,23.7142857142857
11844,17
11847,21
11850,24
11855,24.0196078431373
11860,17
11865,18
11866,19.1111111111111
11870,16.6666666666667
11871,19
11876,23.6888888888889
11880,18.962962962963
11881,17
11884,23.4166666666667
11886,17.9333333333333
11888,22.9207920792079
11889,22.25
11892,22
11894,20.5
11895,24
11897,17.8536585365854
11900,23.2608695652174
11901,22.1481481481481
11904,23.2222222222222
11907,23
11910,22.6285714285714
11911,21.3571428571429
11919,21.0833333333333
11922,16.84
11923,21.6666666666667
11924,17
11927,20.039603960396
11929,22.1398601398601
11931,20.1511627906977
11933,24
11935,19.1428571428571
11945,20.5
11957,17
11958,23
11959,17
11962,24
11966,20.5
11968,24
11970,19.8571428571429
11971,16.6666666666667
11972,17
11974,22.5
11975,23.44
11991,24
11995,24
11996,22.9236499068901
11997,22.5714285714286
12002,22.4
12006,21.2
12008,24
12011,23.6818181818182
12016,24
12020,20.5308641975309
12021,17
12022,24
12024,22.8909090909091
12027,23.2222222222222
12029,17
12034,17
12036,17
12039,22.0857142857143
12041,20.8571428571429
12043,20.5
12044,17
12051,16.8888888888889
12055,24
12058,22.6
12059,24.6
12060,21.6315789473684
12061,17.3
12066,16.5555555555556
12067,17.9236641221374
12076,18
12077,24
12079,23.6111111111111
12081,17
12082,24
12084,23.0454545454545
12087,23.5625
12091,20.7777777777778
12095,21.4285714285714
12096,24
12097,20.6666666666667
12104,16.8571428571429
12107,18.4
12108,22.4468085106383
12111,16.6666666666667
12112,16.9677419354839
12115,17
12120,17
12122,24
12123,22.7190332326284
12126,16.875
12127,24
12129,16.6521739130435
12132,24
12140,23.53125
12147,17.7777777777778
12148,23.1764705882353
12150,23.3333333333333
12152,16.8571428571429
12154,23.4615384615385
12162,23.1052631578947
12166,22.1794871794872
12168,24
12171,17.65
12172,24
12175,20
12176,17
12177,23.5294117647059
12179,17.25
12180,17.875
12181,24
12182,21.4545454545455
12187,22.6451612903226
12191,18.1666666666667
12195,21.2
12197,21.9411764705882
12198,16.92
12200,23.4065934065934
12201,19.1538461538462
12203,23.5769230769231
12205,21.6666666666667
12206,22.578431372549
12215,20.8181818181818
12218,24
12223,22.4444444444444
12225,24
12226,23.9256198347107
12227,17.16
12230,23.7941176470588
12231,17
12235,22.6
12236,17
12237,22.6
12238,16.8181818181818
12239,19.8
12241,23.125
12242,24
12244,24
12245,16.75
12251,22.7272727272727
12254,17.7777777777778
12256,24
12258,17
12262,24
12264,24
12266,20.1111111111111
12267,22.3383838383838
12268,17
12270,22.6617647058824
12271,17
12276,21.6666666666667
12277,24
12286,23.5333333333333
12290,22.554347826087
12291,21.0833333333333
12292,21
12298,22.4233870967742
12300,18.6190476190476
12303,19.5454545454545
12309,24
12312,21.9555555555556
12316,24
12323,17
12325,19.167701863354
12326,24
12330,23
12333,20.4639175257732
12334,21.8421052631579
12342,24
12347,18.46
12354,23.2
12356,24.4
12357,23.5
12360,19.8571428571429
12364,23.3
12370,17
12372,22.25
12373,23.9009900990099
12378,24
12381,23.9090909090909
12383,22.25
12393,22.6875
12397,17
12399,19.8823529411765
12401,23.3
12403,24.25
12404,22.4210526315789
12406,22.52
12408,21.75
12409,18.1666666666667
12411,23.4615384615385
12412,20.0588235294118
12414,23.4795918367347
12426,24
12430,18.75
12440,19.3333333333333
12441,19
12445,22.25
12448,20.7333333333333
12449,17
12455,24
12458,18.9736842105263
12464,24
12467,24
12468,24
12474,24
12481,18.8
12482,20.1315789473684
12483,23.7272727272727
12485,23.9791666666667
12487,17.6363636363636
12489,20.3333333333333
12492,22.9545454545455
12493,24
12494,23.6428571428571
12495,24
12499,17
12500,24
12505,24.5
12509,22.25
12511,23.7012987012987
12514,24
12515,17.875
12517,17
12520,17
12522,22.6
12523,24.5416666666667
12525,23.3333333333333
12526,24
12529,17
12530,17
12532,18.25
12537,18.4
12540,17.7
12541,24
12543,17.0140845070423
12546,24
12547,22.3846153846154
12548,21.8125
12558,24
12562,23.3
12565,24
12574,23.7203389830508
12576,24
12582,21.4545454545455
12583,24.1666666666667
12591,24
12608,20.5
12611,17.7777777777778
12612,21.3076923076923
12613,22.5
12617,24
12618,17
12619,22.6
12621,16.9166666666667
12622,22.8333333333333
12625,18.2142857142857
12631,17.8
12636,22.6875
12643,17.6363636363636
12648,23.6666666666667
12653,24
12658,23.7307692307692
12659,19.3368794326241
12660,17.7777777777778
12663,24
12664,24
12671,20.2307692307692
12672,24
12674,23.304347826087
12676,20.4285714285714
12677,23
12680,24
12685,18.4
12688,24
12690,19.5625
12691,17.3333333333333
12695,18.7435897435897
12699,17
12705,21.6666666666667
12708,21.8
12709,24
12712,22.0882352941176
12716,24
12720,24
12721,20.5
12725,24
12726,23.0128205128205
12728,17
12729,23.8372093023256
12731,24
12732,24
12734,24
12735,22.25
12738,23.875
12743,23.4864864864865
12746,22.1785714285714
12749,17
12752,22.8333333333333
12755,24.1276595744681
12760,24
12766,22.8783068783069
12776,17
12784,22.7105263157895
12785,21.1739130434783
12786,24
12787,24
12788,16.75
12790,21.8461538461538
12794,22.40625
12796,24
12799,24
12801,23.0666666666667
12805,22
12808,25
12809,19.3333333333333
12812,23.1313868613139
12816,20.1012658227848
12817,20.2165898617512
12818,23.65
12820,24
12828,22.5091164095372
12836,18.5555555555556
12838,18.68
12842,24
12843,21.9310344827586
12844,22.7272727272727
12853,17
12858,19.3333333333333
12859,20.65
12861,24
12862,23
12863,16.8947368421053
12864,18.4
12868,17.047619047619
12870,21.7272727272727
12871,16.9166666666667
12873,19.7254509018036
12874,24
12876,18.1666666666667
12888,23.8
12896,18.1111111111111
12899,23.3727810650888
12900,22.9230769230769
12902,17
12906,20
12908,22.6
12911,23.3333333333333
12912,16.8
12915,23.2222222222222
12916,24
12921,17
12922,17
12926,21.6666666666667
12929,19
12930,23.5068493150685
12932,17
12934,16.8
12935,19.5909090909091
12943,24
12950,20.1111111111111
12951,22.5691964285714
12952,22.8846153846154
12954,24
12956,23.5625
12959,16.875
12960,17
12961,17.0625
12964,17
12967,23.9736842105263
12968,22.3888888888889
12971,24
12972,21.5294117647059
12973,19.8
12975,23.1578947368421
12976,22.6
12977,22.8888888888889
12978,18.75
12980,21.4074074074074
12982,22.6
12986,18.4
12991,17.8709677419355
12994,24
12995,17
12999,22.979381443299
13001,23.3
13004,20.5
13006,16.1428571428571
13007,19.4736842105263
13010,16.6666666666667
13014,16.8823529411765
13015,17.5454545454545
13019,23.4785992217899
13029,19
13030,17
13032,20.5
13039,22.0909090909091
13040,17.1621621621622
13045,21.0909090909091
13047,21.76
13050,24
13055,24.0625
13058,17.7777777777778
13063,17
13064,17
13067,21.1176470588235
13068,17
13072,23
13073,16.4444444444444
13074,19.3333333333333
13075,17
13079,22.6587452471483
13081,17
13082,18.4102564102564
13084,22.125
13087,24
13090,18.2727272727273
13104,18.026369168357
13106,21.525
13107,17
13109,17
13113,24
13115,16
13116,20.5
13117,21.2857142857143
13119,17
13120,17
13135,21.1788856304985
13137,17
13138,21.75
13140,24
13141,19.3333333333333
13149,24
13151,24
13154,24.0714285714286
13159,24
13160,24
13163,17.6136363636364
13164,17
13165,22
13167,16.8571428571429
13169,17
13172,17
13177,24
13181,18.2380952380952
13187,21.6666666666667
13188,22.9230769230769
13193,24
13194,20.1830985915493
13196,22.7407407407407
13200,21.1527093596059
13207,24
13209,18.4321608040201
13211,17
13215,23.4166666666667
13217,23.3
13219,17
13223,24
13226,22.1219512195122
13231,24
13236,18.5625
13239,23.9222222222222
13241,24
13244,22.6
13245,24
13250,24
13257,17.2916666666667
13258,23.2222222222222
13265,18.75
13267,22.3333333333333
13269,23.2222222222222
13271,22.25
13272,20.5789473684211
13277,17
13280,17.65
13281,17.9722222222222
13282,20.3703703703704
13284,17
13285,22.4489795918367
13288,22.8333333333333
13289,24
13295,23.3196544276458
13300,22.8993288590604
13301,21.8
13303,24
13305,16.8888888888889
13309,24
13311,16.5714285714286
13312,22.6666666666667
13314,17
13315,23.3708333333333
13318,18.75
13323,20
13324,23.3
13329,20.1111111111111
13333,20.5
13336,22.1596638655462
13339,23.9774436090226
13340,19.3333333333333
13344,18.7298850574713
13345,24
13352,23.3010752688172
13356,17.2916666666667
13357,24
13360,24
13366,21.5
13367,17
13370,23.2322580645161
13373,23.3
13375,23.7714285714286
13376,17
13379,21.2105263157895
13384,24
13385,24
13396,22.9333333333333
13404,18.9574468085106
13405,19.8
13409,17.3762376237624
13411,16.8571428571429
13412,16.5
13413,24
13414,17.0625
13416,24
13418,24
13419,22.25
13420,22.0714285714286
13422,24
13426,19.5454545454545
13435,22.6
13436,23.5882352941176
13443,19
13447,21.2307692307692
13451,24
13455,22.7647058823529
13457,20.5625
13460,19.8736842105263
13461,16.8181818181818
13462,16
13465,24
13467,22.4
13469,22.1509073543458
13473,19.375
13476,19.3333333333333
13478,17
13481,24
13490,17
13492,16.4285714285714
13497,23.7222222222222
13498,18.35
13499,22.7380952380952
13500,24
13501,19.2203389830508
13505,24
13509,23.953488372093
13513,18.1666666666667
13514,18.5555555555556
13519,16.8214285714286
13520,20.4
13521,23.2051282051282
13523,17.7
13527,22.5853658536585
13531,20
13538,21.8
13542,24
13547,24
13552,20.5
13556,21.6810344827586
13557,18.1666666666667
13560,16.3333333333333
13561,23.5483870967742
13562,24
13568,24
13571,19.7052023121387
13573,19.6
13574,21
13582,23.2222222222222
13583,17
13585,18.2
13587,19.7391304347826
13594,24
13597,20
13601,20.5
13602,17
13604,24
13607,24
13608,19.8421052631579
13613,17.25
13616,20.8888888888889
13618,24
13624,24
13625,16.875
13628,23.9375
13630,17.7
13632,18.9090909090909
13633,16.8571428571429
13637,22.6666666666667
13638,22.8333333333333
13642,22.3333333333333
13643,20
13649,24
13650,22.1132075471698
13651,19.7375
13655,20.4666666666667
13656,23.125
13657,19.8
13658,22.6
13663,22
13667,16.9268292682927
13674,17
13678,23
13680,24
13681,23.875
13691,23.2268518518519
13695,17.7
13698,18.625
13699,17
13703,20.0535714285714
13706,23.7272727272727
13708,18.6380952380952
13711,24
13713,24
13715,24.75
13717,23.8192771084337
13720,18.6666666666667
13723,17
13724,23
13725,16.5
13726,23.9473684210526
13728,24
13731,24
13733,24
13734,17.03125
13735,18.1123110151188
13737,24
13738,16.7692307692308
13740,22.6
13742,23.8
13747,21.375
13748,23.5531914893617
13751,20.8064516129032
13755,20.0333333333333
13756,16.3333333333333
13758,22.4444444444444
13761,17.6666666666667
13763,19.9115044247788
13765,23.125
13767,21.2
13776,21.2
13779,19.5
13784,24
13785,23.4776119402985
13787,24
13790,24
13795,24
13796,22.7962962962963
13800,24
13801,16.75
13802,22.25
13803,22.2714285714286
13805,17
13806,22.8333333333333
13809,24
13814,16.875
13816,16.9090909090909
13817,20
13818,22.7543859649123
13819,16
13821,23.4615384615385
13823,24.1666666666667
13829,16.9230769230769
13832,16.8695652173913
13834,23
13835,22.8947368421053
13836,22.2040816326531
13840,18
13841,17.8125
13843,21.5
13848,18.1666666666667
13851,20.8571428571429
13853,20.1818181818182
13858,16.6666666666667
13859,21.7666666666667
13861,24
13862,22.9230769230769
13864,18.0909090909091
13867,19.3333333333333
13869,20.5
13870,23.1944444444444
13874,24
13878,21.6666666666667
13880,24
13891,20.5
13893,17
13896,17.5454545454545
13898,23.75
13901,19.7727272727273
13904,24
13908,23.6111111111111
13910,18.75
13911,18.5555555555556
13912,20.5
13914,22.7272727272727
13917,23.4166666666667
13919,17.0384615384615
13920,23.7664974619289
13921,24
13923,19.4285714285714
13924,21.4
13927,24
13928,18.1666666666667
13929,23.8571428571429
13935,21.9767441860465
13939,19.1875
13941,24
13943,23.1698113207547
13945,22.1666666666667
13946,17
13948,17.5384615384615
13951,18.5909090909091
13958,24
13960,18
13961,24
13963,17.1176470588235
13965,17
13968,17.4
13976,22.0948905109489
13977,23.5882352941176
13978,22
13979,24
13980,23.4216216216216
13984,17.1078431372549
13989,17
13992,20.1666666666667
13993,23.1194029850746
13997,24
13999,19.6086956521739
14004,17.7555555555556
14005,16.75
14011,24
14013,24
14018,23
14020,22.025641025641
14024,21
14026,19.426273458445
14028,24
14033,23
14035,24
14039,18.4545454545455
14043,19.875
14045,18
14048,17
14050,24
14063,22.4090909090909
14064,20.4615384615385
14071,24
14073,17.5789473684211
14077,24
14078,22.6
14080,18
14082,23.2631578947368
14094,16.75
14098,17
14107,22.25
14109,22.3943661971831
14110,24
14112,16.962962962963
14114,19.2307692307692
14122,19.2857142857143
14126,24
14129,23.8354430379747
14133,24
14139,20.3333333333333
14142,23.8571428571429
14146,17
14147,21.6666666666667
14148,17.1590909090909
14149,22
14154,16.8181818181818
14158,18.2727272727273
14159,24.1111111111111
14160,17
14163,21.6769230769231
14169,24
14186,21.5294117647059
14187,17.9150805270864
14189,17.2857142857143
14193,23.2586206896552
14195,16.9
14196,24
14201,24
14203,17.0571428571429
14210,22.6
14212,24
14213,20.5
14215,24
14218,21.6666666666667
14219,17
14220,22.8333333333333
14223,17
14226,23.7666666666667
14227,16.9411764705882
14228,24
14230,20.5
14232,23.5315315315315
14235,23.7878787878788
14242,23.6666666666667
14243,17
14245,24
14253,17
14259,24
14261,24
14268,22.6752136752137
14270,17
14272,18.75
14276,21.1176470588235
14277,21.4622641509434
14280,17.34375
14281,21.6666666666667
14284,21.8571428571429
14285,17
14288,18.8461538461538
14293,17.6129032258065
14296,24
14298,16.875
14304,17
14307,24
14308,18.5714285714286
14309,17.7
14310,24
14311,20.8333333333333
14313,21.55
14319,24
14325,23.6363636363636
14327,23.95
14332,23.2444444444444
14339,17
14341,17
14342,17.4117647058824
14351,17.96875
14352,20.8181818181818
14353,24
14356,24
14359,16.9090909090909
14362,16.3333333333333
14363,24
14374,21.0441988950276
14375,21.4
14382,17
14383,22.8461538461538
14384,16.75
14385,19.4
14386,17
14388,17.3333333333333
14390,17
14392,17.1
14393,19.3333333333333
14395,24
14408,20.6923076923077
14413,22.9393939393939
14414,19.3333333333333
14417,18.75
14418,23.1666666666667
14420,23.325
14422,24
14424,18.5
14426,24
14427,22.3333333333333
14430,19
14431,24
14432,24
14433,18.5
14436,21.3692307692308
14441,24
14442,24
14444,17
14446,22.25
14451,22.8333333333333
14453,18.8095238095238
14456,24
14459,17
14461,17
14462,20.5471698113208
14463,24
14467,24
14469,22.7622377622378
14470,23.3636363636364
14477,21.1428571428571
14479,22.6
14485,23.6410256410256
14488,20.4833333333333
14496,17.7222222222222
14497,20.1290322580645
14499,24
14504,23.8414634146341
14505,22.3846153846154
14512,22
14518,22.8461538461538
14519,20.5
14525,24
14526,17
14527,16.8
14533,23.5
14534,24
14535,24
14539,24
14541,16.8333333333333
14542,22.55
14543,24
14548,22.6976744186047
14552,24
14557,23.8714285714286
14559,24
14560,22
14569,20.5
14574,22.6
14575,21
14578,24
14579,17.8545454545455
14580,21.6666666666667
14584,22.3271604938272
14591,22.6
14595,17.3387096774194
14598,19.9473684210526
14601,24
14604,19.2647058823529
14607,22.5
14611,19.6666666666667
14613,19.8
14615,17
14617,22.125
14628,17
14630,22.1739130434783
14632,23.4615384615385
14636,17
14638,17
14640,18.7
14643,24
14644,23.5675675675676
14649,24
14650,24
14656,24
14657,17
14659,23
14661,23.4
14664,24
14668,24
14673,24
14674,21.375
14675,23.4166666666667
14677,22.6875
14680,24
14684,23.3076923076923
14685,21.2
14686,24
14689,21.6568047337278
14691,22.0645161290323
14692,22.5449735449735
14693,24
14698,17
14702,17.4
14703,24
14705,23.3
14708,23.4550063371356
14710,23.5007407407407
14711,24
14713,24
14717,22.8
14718,19.8
14722,24
14724,22.25
14728,23.3636363636364
14730,22.4913793103448
14735,19.8
14736,19.3333333333333
14738,17
14741,23.7254901960784
14742,18.9090909090909
14743,21.4210526315789
14745,19.6260504201681
14749,24
14750,24
14752,24.1666666666667
14754,18.75
14756,20.1666666666667
14757,18.4
14758,18.1666666666667
14759,24
14763,18.8292682926829
14765,24
14766,20.5714285714286
14767,24
14768,23.9642857142857
14769,22.8333333333333
14771,22.5151515151515
14776,23.3
14781,22
14782,24
14784,16.875
14787,17
14790,21.2222222222222
14799,24.0333333333333
14801,22.9
14807,19.5625
14808,22.8461538461538
14809,21.8260869565217
14812,18.4782608695652
14813,21.2115384615385
14814,17.4
14815,22.0555555555556
14822,20.5
14824,16.8151260504202
14825,18.2264957264957
14826,20.8787878787879
14827,24
14830,22.25
14831,21.6666666666667
14834,20.5
14836,22.2298850574713
14837,22.25
14839,23.5333333333333
14840,16.40625
14844,17
14846,24
14849,24
14850,17.7
14852,20.1071428571429
14853,20.5
14857,23.53125
14859,23.0526315789474
14860,24
14866,22.9572192513369
14867,23.0666666666667
14873,17.5909090909091
14876,23
14877,18.4
14879,20.5
14880,19.9166666666667
14882,23.125
14887,18.1666666666667
14890,22.4444444444444
14892,21.6666666666667
14898,16.6666666666667
14899,24
14900,16.8888888888889
14902,23
14906,17
14908,24.2307692307692
14910,17
14919,17.28
14920,22.25
14921,24
14922,24
14926,17.6363636363636
14930,20.5
14933,17.2380952380952
14936,21.6777777777778
14941,17.3684210526316
14943,24
14947,22.3571428571429
14953,23.5612244897959
14955,20.5
14956,24
14957,23.2222222222222
14959,24
14963,24
14971,21.2
14973,23.1515151515152
14983,19.625
14984,20.5
14986,17
14992,24
14996,18.9375
14999,17
15003,23.6842105263158
15004,19.1
15009,19.8987341772152
15011,20.4655172413793
15019,17.2777777777778
15021,20.7142857142857
15024,20.2666666666667
15032,24.0555555555556
15034,23.7685185185185
15038,21.1944444444444
15039,23.6
15046,22
15052,22.6538461538462
15053,17.552380952381
15054,22.8717948717949
15059,20.25
15060,17
15062,17.7058823529412
15065,24
15066,19.8
15070,19.3333333333333
15074,22.0909090909091
15076,23.2
15077,21.6666666666667
15079,23.860510805501
15081,17.7777777777778
15084,21.375
15085,20.5
15089,23.9245283018868
15090,17.875
15093,17
15097,24
15101,22.4
15104,20
15105,19.9259259259259
15107,23.952380952381
15108,24
15109,17
15110,18
15112,17.8333333333333
15117,18.75
15121,24
15122,21.7439024390244
15124,17
15125,23.6111111111111
15126,23.5625
15128,23.1111111111111
15130,24
15140,22.6
15144,17.8571428571429
15146,23.5333333333333
15147,20.5
15148,21
15150,24
15151,17
15156,22.6363636363636
15166,17
15167,18.1666666666667
15168,18.5555555555556
15172,23.125
15173,24
15174,23.1785714285714
15178,22.4444444444444
15183,20.1111111111111
15190,23.3
15191,24
15193,20.8571428571429
15194,19.4117647058824
15195,21.2
15197,17.1702127659574
15203,17
15206,24
15208,23.0666666666667
15209,17.5833333333333
15212,17.3076923076923
15216,18.0625
15217,22.0666666666667
15222,18.5555555555556
15223,19.1794871794872
15224,23.2222222222222
15226,23.2045454545455
15227,21.5652173913043
15230,21
15238,20.4375
15240,22.25
15241,21.3157894736842
15243,23.3636363636364
15246,20.3636363636364
15248,16.8333333333333
15249,17.6666666666667
15251,18.8125
15254,20.5
15256,22.25
15258,20.5
15260,20.5
15262,17.6190476190476
15264,16.5
15275,23.5
15280,17
15284,24
15286,24
15289,17
15302,24
15311,23.7368421052632
15316,17.1538461538462
15325,22.5416666666667
15329,22.25
15335,21.4285714285714
15344,16.8928571428571
15350,17
15351,23.3913043478261
15353,18.75
15354,23.8
15360,18.4
15362,24
15363,23.32
15368,16.9444444444444
15373,21.6666666666667
15375,19.5217391304348
15376,17.6666666666667
15378,23.4042553191489
15382,24
15383,24
15389,19.3333333333333
15390,24
15392,24
15395,18.4
15396,23.8148148148148
15403,17.1063829787234
15407,20.5
15409,22.8333333333333
15411,18
15413,16.6666666666667
15417,24
15418,24
15419,20.25
15427,19.3333333333333
15431,22.4107142857143
15433,23.8541666666667
15435,24
15441,16.6923076923077
15442,24
15444,18.2
15445,16.7391304347826
15446,17.3076923076923
15449,23.75
15452,24
15454,19.3333333333333
15458,23.16
15463,21.064914992272
15465,16.75
15467,20.3953488372093
15468,16.875
15474,24
15479,16.9642857142857
15481,19.6
15484,19.8888888888889
15486,24
15490,22.25
15493,19.9166666666667
15501,21.5
15503,24
15507,23.53125
15510,21.6666666666667
15513,24
15515,20.3571428571429
15516,21.9
15518,24
15525,23.8689175769613
15526,23.2222222222222
15527,17.3888888888889
15529,19.454128440367
15532,24.3333333333333
15539,24
15540,22
15541,20.6190476190476
15543,24
15544,23.7741935483871
15545,18.9385964912281
15548,23.8421052631579
15551,23
15553,20.8181818181818
15556,24
15557,16.5
15560,21.9148936170213
15562,23.125
15564,24
15568,23.6
15570,22.6
15571,17
15575,21.2127659574468
15576,22.6
15578,20.8888888888889
15585,24
15586,17
15588,18
15590,19.3333333333333
15592,23.2456140350877
15597,24
15605,19.7272727272727
15607,17
15608,17.5714285714286
15609,18.1666666666667
15610,24
15615,24
15628,20.7916666666667
15629,24
15631,17
15632,22
15635,20.875
15636,23.4166666666667
15647,24.25
15648,24
15649,17
15658,16.6666666666667
15659,18.75
15661,24
15663,23.7407407407407
15665,21.735632183908
15667,22.25
15668,20.5
15670,20.7272727272727
15672,21.5833333333333
15676,23.2222222222222
15679,22.6969696969697
15680,18.8461538461538
15686,20.5
15690,24
15693,23.4166666666667
15694,24
15697,21.8392857142857
15700,22.9119496855346
15704,24
15706,24
15708,24
15709,23.734375
15717,22.4444444444444
15720,24
15725,23.5
15729,24
15730,24
15733,22.6
15734,24
15738,17
15739,24
15743,17.1
15744,21
15750,17.9285714285714
15753,18.53125
15754,23.0666666666667
15756,22.6176470588235
15759,24
15761,23.6666666666667
15762,18.6785714285714
15764,23.6366120218579
15765,16.9
15770,20.5
15771,17
15772,18.5
15776,24
15777,23
15778,24
15783,23.3636363636364
15785,24
15786,17.0714285714286
15791,23.3
15798,21.0875331564987
15799,19.3333333333333
15804,20.5833333333333
15807,24
15811,20.5
15812,18.6666666666667
15817,21.6666666666667
15821,24
15822,20.843137254902
15825,16.8571428571429
15828,17
15830,19.1111111111111
15836,17.875
15841,17
15842,22.8333333333333
15849,16.6
15851,23.8579545454545
15853,22.3333333333333
15854,22.4029850746269
15855,16.7777777777778
15858,23.6507936507937
15860,22.9230769230769
15862,17
15864,24
15868,16.6666666666667
15869,19.8
15870,23.1830985915493
15871,21.0769230769231
15873,24
15874,17
15875,21.1
15886,24
15893,22.25
15895,17
15897,17
15900,22
15901,16.8260869565217
15903,17.1794871794872
15905,19.6923076923077
15906,19.4230769230769
15907,22.1153846153846
15908,17.5
15910,18.5333333333333
15912,17
15913,23.7586206896552
15915,24
15918,18.6363636363636
15921,24
15923,18.1666666666667
15929,24
15943,23.0821917808219
15951,22.6
15956,19.2826086956522
15963,17.6190476190476
15966,23
15969,21
15973,24
15975,23.3
15978,19.3333333333333
15979,20.1052631578947
15984,23.125
15985,24
15986,19.7272727272727
15989,17
15992,23.4651162790698
15996,20.5
15998,19.4411764705882
16000,17.7058823529412
16002,17
16005,22.7931034482759
16007,24
16010,21.2
16011,17
16012,22.4444444444444
16015,17.4571428571429
16016,21.2
16018,18.4
16023,24
16026,17
16030,22.25
16031,22.25
16032,17
16034,17
16035,17
16041,23.4166666666667
16043,21.9
16048,17.6034482758621
16050,24
16053,23.3636363636364
16054,17
16055,17
16056,23.3478260869565
16065,24
16066,18.75
16067,20
16071,24
16075,18.75
16083,23.2341463414634
16092,24
16095,21.477508650519
16096,18.75
16098,16.8
16101,23.265306122449
16102,17.5578947368421
16104,20.5
16110,23.0666666666667
16113,23.2533333333333
16114,19.3333333333333
16115,21.4888888888889
16116,21
16121,22.3333333333333
16127,23.7083333333333
16131,22.6
16135,16.5
16138,20.5
16139,24
16140,24
16141,24
16142,21.8571428571429
16145,24
16146,22.5
16150,17
16154,24
16157,22.7777777777778
16158,23
16160,16.5
16161,24
16165,19.1
16166,16.5714285714286
16167,21.375
16179,24
16180,22.6875
16181,24
16185,23.2692307692308
16191,16.75
16193,17
16195,19.3333333333333
16199,18.1111111111111
16202,24
16203,17.5833333333333
16204,24
16205,24
16209,24.1428571428571
16211,24
16212,22.1851851851852
16218,23.1081081081081
16228,22
16229,23.2941176470588
16231,21.8217821782178
16234,18.9090909090909
16235,24
16239,23.4615384615385
16240,23.9862068965517
16244,23.4615384615385
16251,20.3333333333333
16252,24
16253,22.9132519616391
16255,21.6666666666667
16256,16.8666666666667
16258,24
16263,23.125
16265,24
16270,18.75
16272,19.041095890411
16275,21.2222222222222
16276,17.875
16277,17
16279,20.8252427184466
16280,19.1
16282,24
16283,17
16286,23.3636363636364
16288,23
16289,17.7
16290,21.2
16292,17
16293,20.2222222222222
16294,19.3333333333333
16300,18.8181818181818
16301,23.9818181818182
16310,22.6875
16312,16.5
16314,17
16315,23.7083333333333
16317,20.6666666666667
16318,24
16320,23.3333333333333
16322,24.3103448275862
16323,17
16325,23.4642857142857
16326,16.9298245614035
16327,17.3548387096774
16330,17
16331,20.1666666666667
16337,20.0363636363636
16345,18.4
16347,20.8888888888889
16348,17
16355,20
16356,22.4285714285714
16357,17
16361,18.75
16362,23.6666666666667
16364,16.6666666666667
16367,22.0909090909091
16368,23.0114942528736
16369,23.8733333333333
16371,21.6666666666667
16373,19.6
16374,22.7647058823529
16382,21.0357142857143
16386,18.75
16389,18.4827586206897
16401,22.3333333333333
16402,24
16403,20.9473684210526
16406,20.1538461538462
16409,18.1666666666667
16411,24
16412,24
16415,19.1666666666667
16418,23.7254901960784
16421,21.1767810026385
16423,22.8563218390805
16428,22.8333333333333
16432,24
16434,17.75
16439,22.9130434782609
16440,21.6666666666667
16443,21.36
16446,23.950495049505
16449,17.8235294117647
16451,22.6
16452,24
16454,20.25
16456,24
16460,23.3636363636364
16461,24
16464,23.4074074074074
16469,19.8
16475,22.8571428571429
16476,17
16478,18.52
16484,21.7
16487,24
16489,20.609756097561
16494,23.5625
16495,24
16502,21.9
16505,24
16506,16.9473684210526
16508,24
16510,22.6
16514,23.85
16515,19.8
16516,22.8333333333333
16517,24
16519,18.96
16520,19.5135135135135
16521,24
16532,21
16535,23.843137254902
16537,17.625
16544,17
16548,20.8181818181818
16551,16.2352941176471
16553,19.8
16554,21
16556,24
16557,17
16562,17
16565,23.8157894736842
16566,24
16572,24
16573,19.8
16576,22.2941176470588
16578,17
16579,24
16581,17.6363636363636
16584,23.9047619047619
16586,16.75
16588,22.8333333333333
16592,22.6
16593,24
16596,20.5
16598,18.1666666666667
16601,22.7647058823529
16602,24
16607,16.9090909090909
16610,23.0568181818182
16611,17.875
16612,23.3
16613,20.5
16619,22.8333333333333
16626,24
16628,24
16629,20.0394736842105
16630,24
16632,24
16633,21.7727272727273
16634,20.5
16637,22.03125
16641,21.25
16643,18.75
16644,18.0909090909091
16645,24.4285714285714
16646,24
16647,24
16650,22.6587452471483
16655,16.7857142857143
16658,20.4021739130435
16661,23.8510638297872
16670,24
16671,24
16673,17.9166666666667
16677,21.6078431372549
16679,23.0344827586207
16683,22.25
16686,20.016393442623
16691,24
16698,24
16704,24
16706,21.5
16708,18.5555555555556
16709,19.5637583892617
16710,22.6
16715,21.6666666666667
16719,21
16721,24
16722,24
16726,21.2777777777778
16731,17
16732,19.0833333333333
16737,24
16738,24
16743,24
16744,18.0769230769231
16747,19.7272727272727
16748,20.8888888888889
16749,21.3684210526316
16751,23.9777777777778
16753,23.75
16756,22.7882352941176
16757,22.6
16760,16.8333333333333
16761,23.5882352941176
16763,24
16765,22.6875
16771,17.0714285714286
16772,21.8222222222222
16775,19.8
16776,23.3636363636364
16778,20.1818181818182
16784,18.0769230769231
16785,17
16786,19.1632653061224
16788,16.8636363636364
16791,16.4545454545455
16796,24
16797,24.0833333333333
16798,22.6
16802,17.3333333333333
16803,20.3157894736842
16808,24
16812,24
16813,24
16814,24
16821,22.6935483870968
16823,24
16827,16.8
16830,24
16831,24
16833,20.5
16834,17
16838,24
16839,21.6666666666667
16843,23.7307692307692
16846,18.575
16848,23.7714285714286
16849,19.5454545454545
16853,24
16856,19
16859,22.6
16863,24.1428571428571
16864,19.1481481481481
16865,18.962962962963
16867,17
16876,24
16878,22.6
16883,21.8571428571429
16887,17.3166666666667
16889,21.6666666666667
16890,23.2631578947368
16892,23.3478260869565
16894,18.12
16895,24
16897,22.9230769230769
16898,18.9786096256685
16904,23.125
16906,16.8
16912,20.3428571428571
16921,21.0071942446043
16922,22.1282051282051
16927,23.7428571428571
16930,21.6666666666667
16931,16.962962962963
16935,23.2348178137652
16940,18.8518518518519
16941,17
16942,17.75
16944,17.8611111111111
16945,21.2361111111111
16947,17.7
16948,24
16950,24.0588235294118
16952,24
16953,22.7586206896552
16956,24
16957,23.125
16958,21.6363636363636
16959,23.7063829787234
16960,24
16963,20.9666666666667
16964,21.5
16965,17
16968,24
16969,19.0588235294118
16971,22.32
16974,22
16976,24
16979,17.5555555555556
16984,20.8125
16989,20.2
16991,23.3333333333333
16999,23.9411764705882
17003,24
17005,21.4090909090909
17007,24
17009,18.2307692307692
17010,23.3953488372093
17012,17
17015,20.5
17016,23.2631578947368
17019,23.5
17031,24
17035,16.875
17039,24
17042,24
17043,16.8571428571429
17050,21.8
17051,17.5142857142857
17052,20.5555555555556
17053,16.2
17054,17
17056,19.0872483221477
17059,23.8240469208211
17062,19.3333333333333
17063,17
17066,24
17072,19.6315789473684
17074,21.5
17078,17
17079,19.8
17082,24
17083,20.5
17088,17.3125
17089,20.8888888888889
17090,16.7777777777778
17092,21.2
17094,17.3888888888889
17096,24
17100,22.6
17101,19
17107,17
17108,23.4166666666667
17110,24
17112,17
17116,21.0735294117647
17117,24
17121,17.4
17132,22.9230769230769
17136,20.5
17139,24
17140,20.6341463414634
17142,19.6666666666667
17146,16.9
17150,24
17151,18.4
17153,17.4666666666667
17154,23.8703703703704
17155,17
17157,23.3
17165,24
17166,22.6
17168,22.5263157894737
17169,24
17173,24
17175,24
17187,23.9
17191,24
17192,18.4615384615385
17193,19.9904761904762
17207,24
17210,17
17214,18.3333333333333
17218,23.8
17224,22.4444444444444
17227,21.55
17231,20.1111111111111
17232,18.5384615384615
17235,20.1714285714286
17238,24
17239,17
17241,24
17244,24
17247,24
17249,23.4246575342466
17254,23.6046511627907
17256,22.6
17257,17
17259,21.6666666666667
17260,17
17261,21.8461538461538
17264,22.7432432432432
17270,20.3636363636364
17271,24
17272,22.4444444444444
17275,24
17281,22.9230769230769
17282,16.8333333333333
17289,22.9
17294,23.6315789473684
17295,23
17296,18.9444444444444
17297,23.877245508982
17298,20.3333333333333
17299,22.4651685393258
17319,24
17321,24
17325,24
17329,21
17335,20.875
17337,19.1833333333333
17338,20.25
17350,17
17351,22.1481481481481
17352,23.7236614853195
17355,23.4166666666667
17356,21.5
17357,23.5
17358,24
17359,23.0652173913043
17361,23.6666666666667
17365,23.2222222222222
17380,23
17384,23.7666666666667
17385,18.6771653543307
17388,22.8333333333333
17390,24
17392,19.3333333333333
17395,22.6
17400,17
17402,23.8477801268499
17403,18.4
17405,24
17406,17.7
17408,17
17413,18.8888888888889
17416,20.3418803418803
17417,17
17420,22.6666666666667
17421,22.25
17424,22.6724137931034
17428,22.6885416666667
17430,20.25
17431,24
17432,22.3398692810458
17433,24
17434,24
17436,19.5934065934066
17439,24
17448,23.5227272727273
17457,21.7142857142857
17467,17
17468,16
17470,18.9666666666667
17471,20.5
17477,23.3
17479,17.3125
17485,24
17490,17.4666666666667
17491,16.8
17494,17
17503,18
17507,23
17513,18
17515,16.75
17518,17.3529411764706
17521,21.6666666666667
17526,22.9285714285714
17529,23.7741935483871
17530,19.625
17532,24
17535,18.1666666666667
17540,17.0615384615385
17541,21.6666666666667
17544,24
17546,17
17552,24
17553,17
17555,17
17557,24
17558,16.9583333333333
17559,23.7261146496815
17560,20.1012658227848
17561,16.8888888888889
17565,17.2432432432432
17566,17.8125
17569,18.9090909090909
17570,21
17574,23.0032223415682
17576,23.2105263157895
17579,23.1111111111111
17581,23.4313725490196
17582,24
17585,24
17586,21.0833333333333
17587,24
17598,17.625
17599,22.7517630465444
17603,18.75
17607,23.2222222222222
17609,24
17611,17
17613,20.5
17617,20.9220779220779
17619,23.6935483870968
17621,22.1333333333333
17628,17
17630,23.9879518072289
17635,17
17644,21.0833333333333
17645,18.75
17647,23.9473684210526
17648,24
17652,22
17658,24
17660,22.3846153846154
17665,21.7727272727273
17667,20.5
17668,18.1
17672,24
17673,24
17674,24
17680,19.5454545454545
17682,23.4615384615385
17684,22.8333333333333
17686,19.0769230769231
17695,20.5
17696,24
17697,17
17699,22.8333333333333
17700,17
17704,17
17709,21.6666666666667
17712,17.0769230769231
17720,20.8
17721,24
17724,21.375
17725,23.1666666666667
17726,24
17729,24
17734,16.5
17736,23.1880341880342
17738,21.6666666666667
17739,18.8
17746,23.7611940298507
17751,22.1333333333333
17752,21.6666666666667
17758,24
17759,24
17764,18.7575757575758
17768,17.9038461538462
17774,18.6153846153846
17775,22.6
17777,21.3333333333333
17779,18.5833333333333
17780,23.9058823529412
17782,19.3333333333333
17787,17
17788,23.4473684210526
17790,17
17792,17
17793,19.3333333333333
17795,17
17797,17
17798,24
17800,17.8888888888889
17801,23.9
17804,22.8333333333333
17813,24.5
17820,16.8181818181818
17821,21.3333333333333
17822,22.4782608695652
17825,22.6
17827,20.5
17830,17.28
17836,17
17843,24
17846,21.7894736842105
17851,23.4
17852,24
17855,22.7155172413793
17856,22.9285714285714
17859,22.8333333333333
17861,17
17863,22.775
17865,17
17866,21.6666666666667
17867,21.4784853700516
17869,23.0480109739369
17870,24
17872,20.5
17874,21.6666666666667
17877,21.2
17878,21.4025974025974
17881,17.9545454545455
17882,22
17884,22.7272727272727
17887,24
17889,24
17891,21.2777777777778
17892,24
17894,16.6666666666667
17898,23.9868421052632
17899,17.7829457364341
17900,16.6
17902,17
17903,21.9
17912,20.5
17913,23.3333333333333
17915,18
17919,24
17924,18.952380952381
17929,17
17932,18.4
17940,17
17943,24
17944,24
17945,23.4615384615385
17946,17
17949,20
17951,18.3262032085562
17956,17.5384615384615
17958,22.1153846153846
17967,24
17971,18.8421052631579
17972,22.9230769230769
17973,18.4
17976,22.6363636363636
17995,24
17996,24
17997,21.4509803921569
18013,20.5
18014,24
18016,23.2222222222222
18019,21.6666666666667
18020,17
18024,23.4558139534884
18025,17
18032,24
18035,18.75
18036,22.6
18039,21.2
18044,21.577519379845
18046,24
18047,17
18048,21.3703703703704
18050,24
18053,23
18054,17
18056,24
18057,17
18059,18.3333333333333
18060,24
18066,23.5
18067,18.75
18068,19.1578947368421
18069,20.2
18071,17
18072,16.8571428571429
18076,16.5714285714286
18080,22.8333333333333
18085,23.75
18088,23.125
18089,20.3333333333333
18092,24
18100,17
18101,23.4615384615385
18106,17
18108,24
18110,19.0824372759857
18112,24
18116,19.6527777777778
18127,23.3636363636364
18130,24.5
18132,24
18134,21.6666666666667
18136,18.297619047619
18140,21.0689655172414
18141,16.8
18143,24.2
18145,24
18146,20.0666666666667
18147,17.5909090909091
18150,17
18151,24
18152,17
18153,24
18154,18.4
18157,17
18159,24
18161,17.5833333333333
18163,17
18164,16.4285714285714
18166,21.0833333333333
18168,22.7514792899408
18169,24
18170,20.5
18173,19.9166666666667
18174,24
18178,21.9
18179,24
18181,24
18189,18.3
18190,24
18192,18.75
18195,23.3552631578947
18201,21.2
18203,24
18204,22.25
18208,24
18211,23.3333333333333
18212,22.25
18214,22.625
18218,23.4
18222,17
18223,20.5
18225,24
18226,22.25
18227,23.6818181818182
18229,17.0588235294118
18233,24
18239,17
18240,18.75
18241,22.4444444444444
18245,18.6666666666667
18246,20.7777777777778
18252,21.6666666666667
18257,23.3
18258,18.2222222222222
18267,21.7692307692308
18271,23.2857142857143
18273,16.6666666666667
18276,20.5
18279,20.9896907216495
18280,23.3
18285,17
18287,23.7307692307692
18288,16.375
18291,24
18294,17
18296,17.2173913043478
18300,16.875
18302,17
18303,24
18304,21.25
18306,17
18308,24
18315,19.4086956521739
18316,20.5
18317,16.8
18320,17
18321,21.3333333333333
18323,17.9090909090909
18325,18.8333333333333
18326,18
18329,16.6666666666667
18331,24
18337,16.4545454545455
18338,20.5
18339,23.6046511627907
18343,19.0769230769231
18346,24
18347,16.75
18348,24
18349,22.6
18354,22.6382978723404
18355,17.625
18361,19.3428571428571
18362,23.4939759036145
18365,24
18373,18.3589743589744
18381,21.2
18386,23.2631578947368
18390,19.3333333333333
18393,22.75
18396,22
18404,21.03125
18407,22.0909090909091
18408,16.8333333333333
18411,22.6538461538462
18412,24
18413,17
18416,24
18422,20.5
18423,21.6666666666667
18426,24
18427,20.0555555555556
18428,17
18430,18.3684210526316
18431,17
18433,17.4910714285714
18440,23
18441,20.5
18448,24
18453,17.6666666666667
18455,17
18457,22.5263157894737
18458,24.0454545454545
18459,17.6363636363636
18461,22.7647058823529
18462,16.7272727272727
18463,22.8978102189781
18466,19.375
18468,17
18470,24
18473,24
18475,23.8852459016393
18480,19.3333333333333
18482,24
18486,17.9285714285714
18488,19.421686746988
18493,24
18495,19.8
18498,24
18499,16.7142857142857
18501,17
18504,24
18505,19.1875
18510,17.328125
18512,24
18515,24
18516,24
18521,18.75
18526,16.8125
18527,19.8378378378378
18528,22.4875
18535,24
18537,18.6842105263158
18538,20
18539,18.25
18546,18.4
18549,16.8518518518519
18550,24
18552,23.6744186046512
18554,17.8333333333333
18555,24
18559,22.5454545454545
18560,16.8333333333333
18563,24
18565,24
18569,17
18571,17.2727272727273
18572,18.4
18577,18.1666666666667
18578,22.25
18580,24
18581,17.8333333333333
18582,20
18585,22.25
18588,23.1764705882353
18591,23.6875
18592,18.8177083333333
18596,23.4541960281871
18598,22.9054054054054
18600,22.9285714285714
18604,24
18606,24
18610,18.4
18613,16.7142857142857
18616,24
18620,18.3125
18621,18.75
18623,24
18624,22.25
18625,16.952380952381
18628,19.9894736842105
18630,24
18631,16.8888888888889
18637,23
18639,21.2
18641,22.7692307692308
18659,23.16
18661,24
18664,18.2307692307692
18666,23.2
18667,24
18668,24
18674,17
18676,21.2
18679,24
18681,23.962962962963
18682,17
18684,22.5
18689,22.6
18690,16.575
18696,20.2
18699,23.8510638297872
18707,23
18709,23.125
18711,24
18713,21.5384615384615
18714,18.4
18717,24
18719,17.5641025641026
18720,24
18721,20.4
18722,18.304347826087
18726,16.4285714285714
18729,24
18730,20.175572519084
18733,24
18734,21.2
18737,22.5555555555556
18740,23.5
18742,24
18743,24.0327868852459
18744,24.1666666666667
18745,17.969696969697
18746,23.4166666666667
18750,21.6666666666667
18752,19.3333333333333
18763,24
18765,24
18773,16.9285714285714
18774,18.4
18777,24
18779,24
18781,17
18782,17
18783,18.4
18785,22.6
18787,21.4545454545455
18792,18.4444444444444
18797,24
18804,24
18805,17
18806,16.952380952381
18809,20.5
18814,21.85
18820,16.9055555555556
18824,17
18825,21.2
18826,21.75
18840,24
18841,16.6666666666667
18849,23.1764705882353
18851,23
18852,17
18856,24
18860,16.875
18861,24
18862,23.3333333333333
18864,23.2773109243697
18871,22.25
18874,24
18878,18.75
18879,16.75
18880,22.6
18881,18.75
18882,21.3461538461538
18883,21.8125
18884,16.9090909090909
18885,16.9230769230769
18886,23.9782608695652
18887,17
18890,17
18892,20.5
18900,21.8260869565217
18902,19
18909,21.4333333333333
18910,24
18911,22.6
18912,20.56
18913,19.2142857142857
18915,24.3529411764706
18916,17
18924,24
18930,21.8
18933,22.1372549019608
18935,23.0666666666667
18939,23.5
18943,23
18962,19.3333333333333
18963,22.6587452471483
18967,17
18969,19.3333333333333
18970,24
18974,23.9375
18975,17
18976,23.3225806451613
18977,23.4166666666667
18978,22.2093023255814
18983,17
18984,24
18985,17
18987,20.5
18994,22.5777777777778
18996,17
18999,16.3333333333333
19001,18.4
19007,24
19011,17
19014,23.3086419753086
19015,18.2
19016,23.2121212121212
19018,24
19021,17.0862068965517
19024,19.3333333333333
19025,22
19027,23.4319526627219
19032,18.0153846153846
19036,16.7142857142857
19037,23.5625
19038,22.4592592592593
19039,22.6724137931034
19043,24
19045,23.1176470588235
19046,23.2631578947368
19049,17
19050,22.4444444444444
19054,23.4852941176471
19055,17
19058,18.75
19062,18.8571428571429
19068,24
19070,23.6315789473684
19075,16.974358974359
19076,17.8333333333333
19080,24
19081,22.0670731707317
19084,19.1538461538462
19085,16.9230769230769
19087,24
19091,16.8888888888889
19099,19.2222222222222
19102,17
19106,20.5
19109,24
19114,18
19117,22.8137254901961
19120,17.6875
19125,17
19131,23.2540983606557
19134,23.9459459459459
19135,24
19138,22.25
19143,19.8
19144,19
19148,22.25
19152,21.5
19153,18.3846153846154
19160,24
19164,23.5714285714286
19172,19.1333333333333
19174,24
19177,21.4722222222222
19179,22.6363636363636
19184,23.6781609195402
19186,21
19188,20.8023255813953
19190,21.0833333333333
19194,23.8874230430959
19195,17.0551724137931
19197,20.4375
19200,20.5
19205,23.1351351351351
19206,22.2782608695652
19207,23.3
19209,20
19213,24
19214,17
19215,24
19216,21.3103448275862
19219,24
19220,22.6
19221,23.8571428571429
19227,24
19228,17.6076923076923
19234,22.25
19236,24
19241,22.125
19242,17.3181818181818
19244,20.4695340501792
19245,23.2
19246,24
19251,23
19254,18.1666666666667
19257,17.625
19259,21
19261,23.5555555555556
19265,17
19266,23.8
19267,16.4015873015873
19270,22.8333333333333
19272,22.6
19275,21
19276,23.4857142857143
19286,22.25
19288,22.7
19292,23.0454545454545
19296,17.093023255814
19298,22.8333333333333
19300,20.5
19303,24
19304,23.78125
19305,24
19306,22.9230769230769
19311,19.8571428571429
19312,17
19314,24
19316,24
19318,16.95
19320,24
